Canonical Pathways;e01=IOX.3/C;e02=T4IOX.3/T4;e03=T4IOX.3A5/T4A5;e04=IOX1/C;e05=T4IOX1/T4;e06=T4/C;e07=T4IOX.3/IOX.3;e08=T4IOX1/IOX1;e09=T4IOX.3/C;e10=T4IOX1/C;e11=T4A5/T4;e12=T4IOX.3A5/T4IOX.3;e13=T4IOX.3A5/T4;e14=T4A5/C;e15=T4IOX.3A5/IOX.3;e16=T4IOX.3A5/C
Eukaryotic Translation Initiation;0;0;7,937;0;0;2;0,378;0,816;2;2;0,632;8,319;8,438;0;8,888;8,888
SRP-dependent cotranslational protein targeting to membrane;0;0;7,483;0;0;1;1,414;1,342;2,121;2,53;-0,302;6,413;6,567;0;8,37;8,076
Response of EIF2AK4 (GCN2) to amino acid deficiency;0;0;7,554;0;0;2,449;2,121;2,646;2,646;2,828;-0,905;7,14;7,374;0;8,602;8,37
Major pathway of rRNA processing in the nucleolus and cytosol;0;0;8,367;0;-1;-0,816;0,378;-1,265;0;-0,632;0;7,715;7,314;0;8,832;8,438
Selenoamino acid metabolism;0;0;7,483;0;0;1,134;-0,378;0;0,378;0,378;0;7,44;7,44;0;8,31;8,367
Nonsense-Mediated Decay (NMD);0;0;7,55;0;0;0;0;2;0;0;2;7,672;7,672;0;8,602;8,485
Eukaryotic Translation Termination;0;0;7,483;0;0;0;0;0;0;0;2;8,066;8,066;0;8,544;8,426
Eukaryotic Translation Elongation;0;0;7,55;0;0;0;0;0;0;0;2;8,246;8,307;0;8,544;8,544
Oxidative Phosphorylation;0;0;3,638;0;0;-1;0;-2,496;0;-1,414;0;5,488;5,84;2,449;5,196;5,099
Electron transport, ATP synthesis, and heat production by uncoupling proteins;0;0;3,638;0;-2,236;0;0,378;-2,982;-0,378;-2,324;1,134;5,154;5,308;2,236;5,099;5,099
EIF2 Signaling;0;0;4,824;0;-0,333;-1;-0,688;-0,816;-0,209;-0,816;1,706;5,341;5,267;0;6,656;5,907
Mitochondrial translation;0;0;4,123;0;0;0;0;-1;0;0;1,342;4,352;4,271;0;3,207;3,9
Processing of Capped Intron-Containing Pre-mRNA;0;0;4,841;0;0;0,302;-0,775;-0,655;-0,728;-1,091;-1;4,217;3,442;0;5,425;4,529
Neutrophil degranulation;0;0,447;5,246;0,816;1,915;-2,46;-2,8;-1,616;-1,763;-1,245;-0,105;2,082;2,83;-2,111;2,082;2,661
Mitotic Metaphase and Anaphase;0;-1,342;5,667;0;-1,528;-2,469;-2,941;-3,75;-3,015;-3,75;1,786;3,451;3,71;0;2,236;2,921
Cell Cycle Checkpoints;0;-0,378;5,048;0;-2,711;-1,982;-2,945;-5,356;-3,051;-4,542;2,177;2,895;2,895;0;1,414;3,157
Mitotic G2-G2/M phases;0;0;5,488;0;1,414;-2,785;-3;-2,897;-2,268;-2,795;2;3,441;3,952;0;3,441;3,674
Synthesis of DNA;0;0;5;0;-1,265;-1,134;-3,441;-2,711;-2,84;-3,266;0,832;3,667;4,323;0;3,162;3,441
Regulation of mitotic cell cycle;0;0;4,796;0;0;-1;-2,138;-1,886;-2,111;-1,886;0,277;2,921;3,307;0;3;3
Mitochondrial Dysfunction;0;0;-3,333;0;-0,243;-1,155;-2,064;-0,137;-2,714;-1,336;1,786;-2,457;-1,976;-2,646;-4,621;-4,143
Granzyme A Signaling;0;0;-2,714;0;0;1,89;0,632;1,414;0,632;1,069;-1;-3,138;-4,017;0;-2,673;-3,606
Coronavirus Pathogenesis Pathway;0;0;-2,967;0;1,528;2,121;2,082;1,982;2,333;2,53;-2,111;-5,33;-4,72;-1;-4,824;-5,013
Elastic fibre formation;0;0;0;0;2,449;0,209;0;0,408;0;0,626;-1,461;-1,826;-1,826;-2,309;-3,873;-3,357
Collagen biosynthesis and modifying enzymes;0;1;2,236;0;3,357;1,347;1,616;3,55;1,3;3,244;-1,947;-1,298;-1,48;-3,742;-2,887;-1,414
Collagen degradation;0;0;0;0;1,134;1,147;1,964;2,558;1,342;1,961;-1,961;-1,512;-1,89;-3,162;-3;-2,646
Extracellular matrix organization;0;0;0,333;0;2,673;1,64;1,732;2,021;1,443;2,021;-1,838;-1,576;-2,292;-3;-3,441;-2,828
GP6 Signaling Pathway;0;0;0;0;2,673;0,186;0,898;1,521;0,539;1,761;-0,324;-0,617;-0,905;-3;-1,897;-1,414
Assembly of collagen fibrils and other multimeric structures;0;0;0;0;2,333;0,408;1;3,157;0,408;2,921;-1,061;-0,87;-1,219;-2,828;-2,333;-1,89
Collagen chain trimerization;0;0;0;0;2,449;1;1,414;2,668;1;2,4;-1,043;-1,043;-1,225;-3;-2,646;-2,236
Integrin cell surface interactions;0;0;-1,342;0;2,714;2,646;2,694;2,828;2,335;2,828;-3,086;-2,592;-3,13;-2,496;-3,357;-3,051
Syndecan interactions;0;0;0;0;0;2,111;2,496;2,111;2,496;2,496;-3,441;-2,236;-2,524;-2;-2,828;-2,828
Macrophage Classical Activation Signaling Pathway;0;0;0;0;0,688;2,449;1,961;2,191;2,449;2,414;-2,921;-2,828;-2,611;-1,89;-1,89;-1,633
Pulmonary Fibrosis Idiopathic Signaling Pathway;0;0;2,668;0;3,087;2,778;3,545;4,745;2,919;4,332;-3,272;-4,066;-3,364;-3,128;-3,087;-3,042
Tumor Microenvironment Pathway;0;0;-0,5;0;1,8;2,714;2,94;3,969;3,207;3,414;-4,481;-4,272;-3,916;-1,897;-2,041;-1,961
IL-17A Signaling in Fibroblasts;0;0;1,265;0;2,065;2,711;3,674;4,004;3,411;3,212;-4,131;-2,846;-3,042;-2,646;-2,496;-2,53
Pathogen Induced Cytokine Storm Signaling Pathway;0;0;0,832;0;1,826;2,321;2,224;3,862;2,077;3,222;-3,286;-1,782;-1,584;-3,962;-1,915;-1,671
IL-17 Signaling;0;0;2,111;0;1,213;2,058;2,466;4,128;2,137;3,395;-2,967;-2,626;-2,474;-1,633;-0,905;-1,213
Wound Healing Signaling Pathway;0;0;1,941;0;1,732;2,142;2,692;4,163;2,79;3,578;-2,619;-2,538;-2,36;-2,5;-1,706;-0,209
XBP1(S) activates chaperone genes;0;0;1,342;0;2,646;1,291;0,943;3,742;1,414;2,324;-2,324;-1,528;-1,886;0;-2,236;0
Paxillin Signaling;0;0;1,89;0;1,667;-0,5;0,447;0,816;1,091;1,043;-1,877;-1,961;-1,061;0;-1,342;-1,265
Regulation of the Epithelial Mesenchymal Transition by Growth Factors Pathway;0;0;1,897;0;0,943;0,745;1,769;2,324;0,866;1,236;-1,069;-1,912;-1,344;-1,265;-1,5;-1,528
Signaling by PDGF;0;0;2,236;0;1;0,447;1,091;1,789;0,229;1,528;-1;-1,134;-1,671;-2,236;-1,667;-0,905
Transcriptional activity of SMAD2/SMAD3:SMAD4 heterotrimer;0;0;2,236;0;1,342;2,138;1,698;1,732;2,5;1,291;-2,183;-2,117;-2,041;-2,236;-0,378;-1
Human Embryonic Stem Cell Pluripotency;0;0;3,357;0;1,342;1,342;1,313;2,077;1,361;1,871;-1,457;-2,224;-2,287;-1,265;0,905;0,655
Hepatic Fibrosis Signaling Pathway;0;1;2,959;0,378;2,466;0,883;1,078;2,857;1,238;2,424;-2,178;-0,763;-0,877;-1,279;0,156;0,59
Role of Osteoclasts in Rheumatoid Arthritis Signaling Pathway;0;0;2,673;0;2,449;0,868;1,78;3,212;1,068;1,627;-1,325;-0,792;-1,307;-2,668;-0,756;-0,577
Post-translational protein phosphorylation;0;0;2,887;0;2,333;1,671;1,461;2,887;1,061;2,785;-2,271;-1,265;-1,093;-2,309;-0,728;-0,243
Regulation of Insulin-like Growth Factor (IGF) transport and uptake by IGFBPs;0;0;3,051;0;2,333;1,976;1,768;3,286;1,372;3,053;-2,469;-1,342;-1,18;-2,673;-0,447;-0,218
TNF signaling;0;0;1,633;0;0;2,714;2,496;3,273;2,111;2,668;-2,714;-2,117;-1,633;0;1,89;1,342
ABRA Signaling Pathway;0;0;1,941;0;1,89;2,041;2,502;3;2,785;2,785;-3,307;-2,874;-1,667;-1,342;-1;1,155
Unfolded protein response;0;0;2,449;0;1,633;1,706;2,558;2,449;2,858;2,837;-2,449;-2,646;-2,353;0;0;1,342
Ceramide Signaling;0;0;1,89;0;1,897;1,604;2,5;3,128;2,065;3,411;-2,524;-1,826;-1,461;0;0,378;0,707
Cell junction organization;0;0;1,633;0;1,667;1,807;2,4;3,272;2,558;3,4;-1,964;-1,671;-0,756;0;0,378;0
Actin Cytoskeleton Signaling;0;0;2,673;0;2,111;0,6;1,622;2,343;2,287;2,469;-3,124;-1,692;-1,549;0;0,775;0,229
Thyroid Cancer Signaling;0;0;2,449;0;1,667;1,387;1,807;2,985;2,065;2,524;-2,236;-1,89;-1,347;0;1,414;1
Role of IL-17F in Allergic Inflammatory Airway Diseases;0;0;0;0;0;2,828;3,317;3,207;3;2,887;-3,162;-3;-3;0;0;-2,236
Ephrin Receptor Signaling;0;0;1;0;2,138;1,528;2,556;3,182;2,959;2,475;-3,053;-2,309;-2,654;0;0,378;-0,577
RAC Signaling;0;0;1,134;0;1,732;1,606;1,732;2,959;2,191;2,556;-2,414;-2,832;-2,897;0;0;-1,667
Actin Nucleation by ARP-WASP Complex;0;0;1,342;0;0,816;2,138;2,324;2,5;2,828;2,324;-3,273;-2,353;-3,157;-1;0,707;-0,577
CGAS-STING Signaling Pathway;0;0;0,447;0;0,832;2,887;2,043;3,413;2,353;2,121;-3,536;-1,897;-1,982;-1,342;1;-1,134
tRNA Charging;0;0;2;0;1;3,051;2,84;3,051;2,84;2,496;-3,051;-2,183;-2,138;0;0;0
Response of EIF2AK1 (HRI) to heme deficiency;0;0;2,646;0;0;3;3,162;3,162;3,162;3,162;-3,162;-2,828;-2,646;0;0;0
PI3K/AKT Signaling;0;0;1,732;0;1,069;2,837;3,8;2,785;3,657;2,746;-4,158;-3,162;-2,592;0;0,707;0
MSP-RON Signaling in Cancer Cells Pathway;0;0;1,897;0;2,324;2,132;3,266;3,182;3,772;3,286;-2,921;-3,479;-2,592;0;0;-0,302
ERK5 Signaling;0;0;1,414;0;1,667;2;3,638;2,828;3,441;2,982;-3,578;-3,8;-3,528;0;0;0,302
Role of Chondrocytes in Rheumatoid Arthritis Signaling Pathway;0;0;0;0;0,258;1,121;1,234;2,064;1,441;1,508;-2,534;-1,313;-1,214;-0,816;-1,528;-1,886
Cell surface interactions at the vascular wall;0;0;0;0;0,832;0,928;0,898;1,183;1,029;1,219;-2,53;-2,412;-2,236;-1,633;-2,333;-1,897
HER-2 Signaling in Breast Cancer;0;0;0,243;0;1,46;0,632;1,581;1,98;1,474;2,143;-1,474;-2,047;-2,287;-0,816;-1,789;-2,132
IL-33 Signaling Pathway;0;0;0,333;0;0,905;1,134;2,043;2,53;1,512;2,082;-1,622;-2,219;-2,832;0;-1,508;-2,53
STAT3 Pathway;0;0;0,378;0;2,111;0,626;0,962;2,401;0,962;1,257;-1,826;-1,581;-1,298;0,816;0,707;0,535
Generic Transcription Pathway;0;0;-1,134;0;1,807;1,809;1,604;1,638;1,361;2,394;-0,566;-2,265;-1,606;-0,447;0;0
NCAM signaling for neurite out-growth;0;0;0;0;2;1,069;2,065;2,324;1,414;1,528;-1,213;-1,177;-0,816;-2;-0,816;-1,342
Interleukin-10 signaling;0;0;0;0;1,633;1,5;1,291;2,357;1,291;1,698;-1,698;-2;-2;-1,633;0;-1,342
Breast Cancer Regulation by Stathmin1;0;0,447;-0,392;0;1,265;1,279;1,508;1,98;0,704;2,55;-1,269;-0,786;-1,623;-1,069;0;-1,151
Transcriptional Regulatory Network in Embryonic Stem Cells;0;0;0,333;0;0,832;1,061;1,441;2,654;1,543;1,947;-1,234;-2,517;-2,449;-0,378;0;-1,291
BMP signaling pathway;0;0;0,816;0;1,89;0,688;1,342;2,041;0,853;1,8;-1,177;-1,947;-1,915;0;0;-1,265
Role of Tissue Factor in Cancer;0;0;1,155;0;1,877;0,714;1,483;2,433;1,313;1,172;-1,89;-2,251;-2,363;-0,632;-0,471;-1,091
Cancer Drug Resistance by Drug Efflux;0;0;0;0;0,707;0,302;1,155;2,324;1,604;2,138;-1,155;-1,147;-1,698;0;0;0
Endometrial Cancer Signaling;0;0;0;0;0,816;0,378;1,265;1,604;1,387;1,155;-0,905;-1,528;-1,964;0;0;-0,816
Hypoxia Signaling in the Cardiovascular System;0;0;-0,447;0;0,447;0,447;1;1,414;1;1,414;-0,707;-1;-1;0;0;-1
Regulation of eIF4 and p70S6K Signaling;0;0;0,447;0;0,707;1;1,732;1,698;2;1,069;-2;-1,8;-2,353;0;0,447;-0,378
Apelin Endothelial Signaling Pathway;0;0;0,707;0;0,943;0,962;0,928;1,715;1,257;1,521;-1,567;-1,809;-2,236;0;-0,707;-0,577
PDGF Signaling;0;0;1,134;0;0,775;0,471;1,528;1,89;1,347;1;-1,177;-1,333;-1,915;0;-0,447;-0,577
Cargo concentration in the ER;0;0;0;0;0;1,414;1,667;1,89;1,897;2,111;-1,633;-3,13;-3,638;0;0;0
COPII-mediated vesicle transport;0;0;0;0;0;1,265;1,387;1,732;1,604;2;-2,111;-2,795;-3,182;0;-1,134;0,816
Role of Hypercytokinemia/hyperchemokinemia in the Pathogenesis of Influenza;0;0;0;0;-1,941;1,897;0,905;2,065;1,265;0,728;-2,887;-1,387;-2,138;0;0;0
Role of RIG1-like Receptors in Antiviral Innate Immunity;0;0;0;0;-0,447;2;2;1,732;2;0,707;-2,236;-1,414;-1,89;0;0;0
Transcriptional Regulation by MECP2;0;0;0;0;0;1,508;1,667;1,732;1,508;1,508;-1,069;-1,807;-1,732;-1,342;-1;0
Asparagine N-linked glycosylation;0;0;0;0;0;1;2,111;1,134;1,387;0,905;-1,732;-1,941;-1,732;0;-2;-1
Role of PKR in Interferon Induction and Antiviral Response;0;0;0;0;-0,775;1,8;1,095;1,298;1,177;1,219;-1,976;-2,021;-2,214;0;-1,633;0,302
Neuroinflammation Signaling Pathway;0;0;0,905;0;0,426;1;1,697;1,75;1,786;1,231;-2,213;-1,86;-1,305;-1,414;0,688;0,218
NOD1/2 Signaling Pathway;0;0;1,265;0;0,832;2,335;2;2,38;1,915;1,938;-1,947;-1,214;-0,714;-1;-0,577;-1
IL-12 Signaling and Production in Macrophages;0;0;1;0;0,577;2,333;2,795;1,313;2,271;1,938;-2,887;-1,483;-1,432;-1,265;-0,277;-0,277
TAK1-dependent IKK and NF-kappa-B activation;0;0;2,449;0;0;2,646;2,333;2,496;1,667;1,508;-2,449;-1,213;-1,291;0;0;0
ATF6 (ATF6-alpha) activates chaperone genes;0;0;2;0;0;1,89;1,89;1,89;1,89;1,89;-1,89;-2,121;-1,89;0;0;0
p53 Signaling;0;0;1,342;0;0,333;1,698;1,964;1,8;1,789;1,342;-1,964;-2,556;-1,671;0;0,378;-0,378
Endoplasmic Reticulum Stress Pathway;0;0;2;0;0;2,121;2,121;2,828;2,646;2,646;-1,667;-2,53;-1,89;0;0;0
Cell Cycle: G2/M DNA Damage Checkpoint Regulation;0;0;2;0;0,447;2,5;2,065;2,236;2,668;2,5;-2,668;-2,4;-1,698;0;0;0
Antioxidant Action of Vitamin C;0;0;-1,342;0;-0,378;2,236;2,236;1,342;2,524;1,528;-1,633;-2,117;-2,449;0;0;-0,707
Unfolded Protein Response (UPR);0;0;0;0;0;2,646;2,646;2,333;2,828;2,333;-3;-2,828;-2,333;0;0;0
TREM1 Signaling;0;0;0;0;0,378;2,309;1,941;2;1,941;1,604;-2,5;-1,964;-2,065;0;0;-1,342
Regulation of Cellular Mechanics by Calpain Protease;0;0;0;0;1;1,414;1,508;2,714;1,941;2,111;-2,496;-2,236;-1,789;0;0;0
Bladder Cancer Signaling;0;0;0;0;0,447;1,342;1,89;2,714;2,333;2,53;-2,53;-2,183;-2,324;0;0;-1,134
Effects of PIP2 hydrolysis;0;0;0;0;0;1,342;1,633;1,633;2;2,236;-2,236;-0,816;-1,134;0;0;0
UDP-N-acetyl-D-glucosamine Biosynthesis II;0;0;0;0;0;1,633;1,633;2;2,236;2,236;-1,633;-2,236;-1,633;0;0;0
Oncostatin M Signaling;0;0;0;0;0,378;1,667;1,732;2,496;2,111;2,111;-1,732;-1,606;-1,789;0;1;0,447
Role of IL-17A in Psoriasis;0;0;0;0;0;1,633;2,236;2,449;2;2,236;-2,236;-1,414;-1,414;0;0;0
NGF-stimulated transcription;0;0;0;0;0;1,732;2,309;3,051;1,941;2,496;-1,941;-1,291;-1,387;0;0,447;0
Transcriptional regulation by RUNX3;0;0;4,796;0;0;2,5;2,524;2,668;2,357;2,357;-3,128;-1;0,324;-1;1,155;1,147
Class I MHC mediated antigen processing and presentation;0;0;5,284;0;-0,243;2,598;2,689;1,673;2,517;1,543;-2,782;-1,686;-1,545;-1,342;3,053;2,333
C-type lectin receptors (CLRs);0;0;4,796;0;1,89;2,183;2,357;2,041;1,698;1,877;-2,668;-0,949;-0,926;0;2,714;1,698
Hedgehog ligand biogenesis;0;0;4,583;0;0;2,449;1,89;2,333;2,646;1,508;-3;0,688;2,041;0;2,646;2,887
KEAP1-NFE2L2 pathway;0;0;4,472;0;0;2,714;2,496;1,807;3,051;2;-3,051;0,192;0,354;0;2,828;2,887
RNA Polymerase II Transcription;0;0;3,357;0;0;1,941;2,309;1,291;2;1,508;-2,887;0;-0,438;0;3,5;2,683
E3 ubiquitin ligases ubiquitinate target proteins;0;0;2,828;0;0;2,333;2,714;2,309;2,333;1,941;-2,646;-0,688;-0,243;0;3;2,333
RIPK1-mediated regulated necrosis;0;0;2,236;0;0;2,53;2,496;2,673;2,714;1,732;-2,53;-0,447;0;0;1,89;1,89
Interleukin-1 family signaling;0;0;4,146;0;-1,134;1,291;1,147;1,89;0,943;1,347;-0,471;0,149;1,043;0;1,732;2,668
Deubiquitination;0;0;3,772;0;-1,069;1,257;0,801;1,786;1,121;1,508;-1,508;-1,444;-0,442;0;2,496;1,706
PTEN Regulation;0;0;4,747;0;-2;1;1,5;0,5;1,941;0;-1,941;0,973;2,466;0;3,606;2,837
Macroautophagy;0;0;3,464;0;-0,447;2;1,89;0,905;0;1,897;-2,121;0,728;1,606;0;1,89;2,121
Microautophagy Signaling Pathway;0;0;5;0;0;1,732;1,941;1;1,732;0,943;-2,496;0,343;0,949;0;1,897;2,496
TNFR2 non-canonical NF-kB pathway;0;0;4,583;0;0;1;0,632;1,508;1,414;0,577;-2,333;1,789;3,128;0;2,828;3,207
NIK-->noncanonical NF-kB signaling;0;0;4,899;0;0;2;0,816;1,414;2;0,632;-2,449;1,342;2,294;0;3;3,207
Metabolism of polyamines;0;0;4,359;0;0;1,89;1,89;1,414;1,89;1,265;-1,667;1,414;2,294;0;2,236;2,496
TCR signaling;0;0;4,583;0;0;1,667;1,508;1,5;1,265;1,155;-1,508;0,539;1,061;0;3,162;2,84
Signaling by the B Cell Receptor (BCR);0;0;4,899;0;0;1,387;0,832;1,698;0,832;1,414;-2,183;1,521;1,622;0;3,317;2,668
Mitochondrial protein import;0;0;2,646;0;0;1;1,342;1,414;-0,378;0,632;-0,447;2,236;1,807;0;2,333;2,121
Signaling by NOTCH4;0;0;4,583;0;0;0;0,632;0;0,632;0,535;-0,258;2,043;2,959;0;2,714;2,84
Signaling by ROBO receptors;0;0;4,796;0;1,342;0;-0,243;0,853;0,775;0,209;-1,528;1,333;2,53;0;2,714;2,357
Cellular response to hypoxia;0;0;4,264;0;1,342;0,447;0,447;0,816;1;0,707;-1,134;1,706;3;0;2,714;3
Transcriptional regulation by RUNX1;0;0;4,899;0;-0,447;0,258;0;1,342;-0,229;0;-0,229;0,801;1,852;0;2,53;2,524
Neddylation;0;0;4,271;0;-1;0,174;0;0,457;-0,174;-0,447;-0,333;1,376;1,565;0;2,5;1,569
ABC-family proteins mediated transport;0;0;4,041;0;-0,707;0,577;-0,535;1,147;0;0,218;-0,775;1,8;2,785;0;2,111;1,606
Regulation of RUNX2 expression and activity;0;0;4,796;0;0;0,816;0,333;0,577;0,378;0,302;-1,508;1,569;1,826;0;2,53;2,5
Regulation of Apoptosis;0;0;4,472;0;0;0;0;1;0;0;-2;1,807;2,982;0;2,646;2,496
Hedgehog 'on' state;0;0;4,264;0;0;0,302;0;0,535;0;-0,258;-1;1,826;2,535;0;2,333;2,668
LXR/RXR Activation;0;0;0,816;0;0;-2,236;-2,268;-0,756;-1,633;-0,962;3;2,556;3,272;1,89;1,941;2,673
Neutrophil Extracellular Trap Signaling Pathway;0;2;3,413;0;-0,392;-1,664;-1,291;-1,963;-1,5;-1,688;1,026;3,314;3,575;2,84;3,395;3,162
Mitotic Prometaphase;0;-1;3,464;0;-1,147;-3,833;-3,538;-4,589;-3,355;-4,464;3,641;3,077;3,16;0;0,775;1,604
RHO GTPases Activate Formins;0;0;3,606;0;-0,229;-2,611;-3,162;-3,464;-2,795;-2,949;2,082;2,1;2,219;0;0;1,508
Kinesins;0;0;2;0;0,378;-3,638;-3,441;-3,13;-3,638;-3;2,5;3,128;3,273;0;0;0
MHC class II antigen presentation;0;0;2,887;0;-0,302;-3,922;-3,78;-2,353;-2,858;-1,8;2,502;2,412;2,236;0;0;0,333
Apoptosis Signaling;0;0;0;0;-0,816;-2,837;-3,674;-3,157;-3,78;-3,657;2,6;1,761;2,959;0;0,333;0,333
Activation of gene expression by SREBF (SREBP);0;0;0;0;0;-4,123;-3,441;-3,606;-3,771;-3,153;3,638;2,683;2,236;0;0,447;0,447
Superpathway of Cholesterol Biosynthesis;0;0;0;0;0;-4,123;-4;-4,359;-3,873;-4,359;4;4;3,873;0;0;0
Cholesterol biosynthesis;0;0;0;0;0;-4;-3,873;-4;-4;-3,873;3,873;3,606;3,464;0;0;0
CLEAR Signaling Pathway;0;0;-0,784;-1;0,209;-1,387;-0,535;-1,291;-1,408;-0,882;2,394;1,555;1,212;-1,414;-1;-1,859
Activation of the pre-replicative complex;0;0;0;0;-2,236;0;-3;-3,162;-2,828;-3,317;0;2,53;2,121;0;0;0
Nucleosome assembly;0;0;0;0;-1,342;-0,707;-2,714;-2,887;-2,714;-2,309;1,134;2,496;1,604;0;0;0,447
PPAR Signaling;0;0;-2,496;0;-1,265;-1,877;-1,3;-3;-1,89;-2,335;1,826;0,59;1,067;0;-0,229;-0,894
PPARα/RXRα Activation;0;0;-1,265;0;-1,604;-2,335;-2,137;-2,402;-2,401;-2,214;3,042;2,142;1,511;0,707;-0,258;-0,728
RHOGDI Signaling;0;0;-1;0;-1,414;-1,257;-1,414;-1,715;-1,947;-1,976;2,795;0,98;1,511;0;-1,069;-0,243
PTEN Signaling;0;0;-1,667;0;-2,111;0,426;-0,928;-1,715;-1,667;-0,928;1,347;0,885;0,905;0;-1;-0,535
Kinetochore Metaphase Signaling Pathway;0;0;-0,816;0;-2,828;-0,894;-1,528;-1,768;-1,789;-2,191;1,043;0,539;0,192;0;-1;0,447
Mitochondrial biogenesis;0;0;0;0;-1,89;-1,508;-1,5;-1,508;-1,807;-1,807;0,577;0,655;-0,218;0;0;-0,378
Cyclins and Cell Cycle Regulation;0;0;-1;0;-1,342;-1,807;-1,606;-1,698;-1,807;-2,324;1,213;1,46;0,816;0;0;0
Peroxisomal protein import;0;0;1,342;0;0;-1,508;-0,632;-3,5;-0,707;-3,638;1,508;2,4;3,128;0;2,236;1,342
Assembly and cell surface presentation of NMDA receptors;0;0;2;0;2,236;-1,732;-1,265;-1,265;-0,707;-1,265;1,667;2,138;2,324;0;0;0
Gap junction trafficking and regulation;0;0;3;0;2;-1,89;-1,633;-0,378;-1;-1;1,342;2,309;2,309;0;0;0
G alpha (12/13) signalling events;0;0;1,342;0;2,236;-1,698;-1,4;0;-1,177;-0,209;0,894;1,976;1,768;0;0;1,89
The citric acid (TCA) cycle and respiratory electron transport;0;1;2,236;0;1,414;-1,414;-1,265;-0,577;-0,577;-0,775;1,604;1,043;2,236;0;0;1,342
NR1H2 and NR1H3-mediated signaling;0;0;0;0;2,236;-1,897;-2,53;-1,155;-2,333;-1,069;2,333;0,905;1,387;0;-0,378;0,378
Neurovascular Coupling Signaling Pathway;0;0;1,89;0;2,333;-2;-1,521;-0,686;-1,947;-0,801;2,469;1,786;2,263;1;0,905;1,886
Opioid Signalling;0;0;1;0;1,89;-2,065;-2,449;-0,471;-2,4;-0,853;2,132;2,874;3,286;0;1;1,633
Integration of energy metabolism;0;0;0;0;2;-1,807;-2,183;0;-2,324;-1,265;1,886;1,961;1,877;0;1,342;1,342
RNA Polymerase I Transcription;0;0;1,89;0;0;-0,632;-1,897;-1,265;-1,667;-1,265;1,155;2,837;2,985;0;2,236;2,333
Cilium Assembly;0;0;1,508;0;0;-2,558;-0,626;-2,611;-1,147;-2,041;1,347;1,633;1,361;0;1,633;1,5
Activation of NMDA receptors and postsynaptic events;0;0;2,449;0;1,342;-1,732;-1,155;-1,155;-1;-1,897;1,732;1,569;1,46;0;2,449;0,378
DNA Damage Bypass;0;0;1,89;0;0;-0,632;-1,508;-1,667;-0,632;-1,508;1,897;1,606;1,414;0;2;2,449
HDR through Homologous Recombination (HRR) or Single Strand Annealing (SSA);0;0;2,646;0;0;-0,535;-0,775;-1,961;-0,302;-1,213;1,604;0,784;1,569;0;1,89;1,508
Nitric Oxide Signaling in the Cardiovascular System;0;0;2,236;0;0;-1,225;-0,816;-1,095;-1,177;-0,928;1,569;1,333;0,822;0;1,414;1,414
Synaptic Long Term Depression;0;0;1,414;0;0;-1,414;-0,539;-0,87;-0,343;-0,822;0,493;1,697;1,286;0;1,508;1
HSP90 chaperone cycle for steroid hormone receptors in the presence of ligand;0;0;2,53;0;0;-2,714;-2,887;-2,111;-1,89;-1,667;2,53;2,982;3,128;0;1;1,134
RHO GTPases activate IQGAPs;0;0;2,449;0;0;-2,333;-2,121;-1,667;-1,633;-1,89;1,89;1,732;2,887;0;0;0
Carboxyterminal post-translational modifications of tubulin;0;0;2;0;1,342;-2,53;-2,333;-1,897;-1,633;-2,121;1,89;2,309;2,714;0;0;0
Iron uptake and transport;0;0;2,449;0;0;-1,807;-2,138;-1,941;-1,155;-2,84;0;1,8;1,633;0;1,667;1,414
Cellular response to heat stress;0;0;3;0;-0,816;-1,387;-1,886;-1,528;-1,604;-1,414;0,5;2,268;1,512;0;1,414;1,897
DHCR24 Signaling Pathway;0;0;2,111;0;0,258;-2,611;-2,846;-0,686;-1,897;-0,667;1,718;2,188;1,732;0;1,89;1,604
Orexin Signaling Pathway;0;-1;1,265;0;-0,471;-2,53;-2,596;-1,947;-2,03;-1,938;1,896;2,39;1,778;0;1,069;0,728
Adrenergic Receptor Signaling Pathway (Enhanced);0;0;1,633;0;-0,258;-1,761;-2,082;-2,197;-1,298;-2,03;1,18;2,582;2,023;-0,447;1,414;0,905
RAR Activation;0;0;2,236;0;-0,18;-2,132;-2,085;-1,539;-2,222;-1,854;1,569;1,087;1,119;0,209;0,333;1,718
SNARE Signaling Pathway;0;0;2,121;0;0,447;-2,4;-2,353;-1,4;-2,449;-1,89;1,633;1,342;1,441;0;0,577;1,265
Fatty Acid β-oxidation I;0;0;0;0;0;-1,633;-1,342;-2,449;0;-3;1,414;1,732;2,138;0;0;0
Ketogenesis;0;0;0;0;0;-2;-2;-2,236;0;-2,449;2,236;2,236;2,449;0;0;0
Peroxisomal lipid metabolism;0;0;0;0;0;-2;-2;-2,828;0;-2,828;2,236;1,633;2,828;0;0;0
Noradrenaline and Adrenaline Degradation;0;0;0;0;0;-2,121;-2,121;-1,265;-1,667;-1,667;1,265;2,138;2,309;0;1;2
FXR/RXR Activation;0;0;0;0;-0,832;-2,535;-2,469;-2,082;-1,761;-2,082;2,287;2,48;2,309;0,707;0,707;1,732
Cardiac conduction;0;0;0;0;0;-2,236;-2,236;-1,606;-2,558;-1,964;2,132;2,785;2,785;0;1,414;1,414
Ethanol Degradation II;0;0;0;0;0;-2,828;-2,828;-2,53;-2,333;-2,333;2,111;2,138;3,051;0;1;2
Serotonin Degradation;0;0;0;0;0;-2,53;-2,887;-2,309;-2,111;-1,897;1,807;2,837;2,828;0;0,816;1,89
Cell Cycle Control of Chromosomal Replication;0;0;0;0;-0,378;-2,138;-2,183;-3;-2,668;-3,13;0,905;2,236;1,698;0;0;0
Mitotic Roles of Polo-Like Kinase;0;0;0;0;-1;-2,53;-2,111;-3;-2,111;-3,207;1,897;1,941;1,387;0;0;0
Resolution of Abasic Sites (AP sites);0;0;0;0;0;-2,333;-1,897;-2,121;-2,111;-2,121;2,111;2,84;2,496;0;0;1
Ethanol Degradation IV;0;0;0;0;0;-2,828;-2,828;-2,53;-2,53;-1,897;1,732;1,604;2,309;0;0;0
Bile Acid Biosynthesis, Neutral Pathway;0;0;0;0;0;-2;-2,236;-2;-2,236;-2,236;2,236;2;2,236;0;0;0
Bile acid and bile salt metabolism;0;0;0;0;-1;-1,508;-1,941;-1,807;-1,387;-2,183;2,138;1,604;2,324;0;0;0
BER (Base Excision Repair) Pathway;0;0;0;0;0;-2,111;-1,155;-2,138;-1,807;-2,714;1,508;2,6;2,183;0;0;0
Valine Degradation I;0;0;0;0;0;-1,633;-1,342;-2,646;-1,342;-1,89;1,633;1,667;2,111;0;0;0
Phase I - Functionalization of compounds;0;0;0;0;0,816;-2,324;-2,524;-2,683;-2,183;-2,982;2,711;2,746;2,558;1,633;0,816;0,632
Glycerophospholipid biosynthesis;0;0;-0,447;0;0,707;-2,985;-2,132;-2,2;-2,646;-3,138;2,132;1,715;2,043;0;0;-0,333
O-linked glycosylation;0;0;-0,447;0;0;-2,335;-2,874;-2,828;-2,959;-3;2,414;2,596;2;1;-0,333;-0,832
Phospholipases;0;0;0;0;0;-2,84;-2,673;-2,496;-2,84;-2,138;2,183;2,828;2,668;0;0;0,378
Superpathway of Geranylgeranyldiphosphate Biosynthesis I (via Mevalonate);0;0;0;0;0;-2,828;-2,646;-2,828;-2,449;-3;2,646;3;2,828;0;0;0
Mevalonate Pathway I;0;0;0;0;0;-2,646;-2,449;-2,646;-2,236;-2,828;2,449;2,828;2,646;0;0;0
Cholesterol Biosynthesis II (via 24,25-dihydrolanosterol);0;0;0;0;0;-3;-3;-3,317;-3;-3,162;3;2,646;2,646;0;0;0
Cholesterol Biosynthesis I;0;0;0;0;0;-3;-3;-3,317;-3;-3,162;3;2,646;2,646;0;0;0
Cholesterol Biosynthesis III (via Desmosterol);0;0;0;0;0;-3;-3;-3,317;-3;-3,162;3;2,646;2,646;0;0;0
Gamma carboxylation, hypusine formation and arylsulfatase activation;0;0;0;0;0;-1;-1,134;-2;-1,265;-2,449;0,333;0,905;0,775;0;0;0
Metabolism of cofactors;0;0;0;0;0;-1,633;0;-2,236;-2;-2,449;0;1,414;1,414;0;0;0
Ketolysis;0;0;0;0;0;0;0;-2,236;0;-2,449;0;2;2;0;0;0
TCA Cycle II (Eukaryotic);0;0;0;0;0;0;0;-1,342;0;-1,342;0;1,414;1,667;0;0;0
Xenobiotic Metabolism CAR Signaling Pathway;0;0;1,732;0;0,632;-1,347;-2,121;-1,265;-1,616;-0,354;1,151;1,604;2,429;-0,447;-1,291;0,943
Sperm Motility;0;0;1,633;0;-0,302;-2,191;-1,347;-1,671;-1,89;-1,095;1,768;2;2,271;0;0,378;1,732
Glutathione Redox Reactions I;0;0;1,342;0;0;-1,342;-1,633;-1,342;-1,342;0;0,816;2,333;2,111;0;0;2,236
Oleate Biosynthesis II (Animals);0;0;0;0;0;-2,236;-2,449;-2;-2,236;0;2,236;2;2;0;0;0
D-myo-inositol (1,4,5)-Trisphosphate Biosynthesis;0;0;0;0;0;-1,342;-2,236;0;-2,646;0;1,89;2,333;2,121;0;0;0
Stearate Biosynthesis I (Animals);0;0;0;0;0;-1,134;-2,53;-0,816;-2,449;-1,414;2,111;1,604;1,897;0;0;0
Apelin Cardiac Fibroblast Signaling Pathway;0;0;0;0;0;-1,265;-1,265;-1,265;-0,905;-1,265;1,265;1;0,632;1,342;0;2
WNK Renal Signaling Pathway;0;0;0;0;0,816;-1,604;-1,508;-1,698;-1,069;-1,5;2,324;1,147;1,043;0;1,342;1
Neurotransmitter clearance;0;0;0;0;0;-2;-1,342;-0,816;-2;-1,342;2;2;0;0;0;0
Fatty acyl-CoA biosynthesis;0;0;0;0;0;-1,89;-2,333;-1,342;-1,633;-1,89;2,111;0,905;0,707;0;0;0
SUMOylation of DNA replication proteins;0;0;0;0;0;-1,89;-1,633;-2,309;-1,633;-2,111;1,89;0,707;0,707;0;0;0
Eicosanoid Signaling;0;0;0;0;0;-1,414;-0,378;-1,89;-1,134;-1,414;1,134;1,414;1,414;0;0;1
Isoleucine Degradation I;0;0;0;0;0;-1,342;-1;-2,236;0;-1,89;1;1,414;1,897;0;0;1
Glutaryl-CoA Degradation;0;0;0;0;0;-1;-1;-1,633;0;-1,89;0;2,121;2,333;0;0;2
Tryptophan Degradation III (Eukaryotic);0;0;0;0;0;-1,342;-1,134;-1,667;0;-1,897;1,342;2,111;2,111;0;0;2
DAG and IP3 signaling;0;0;0;0;0,816;-1,732;-1,604;-1,508;-1,941;-1,387;2,138;2,183;2,324;0;0;0
Neuropathic Pain Signaling in Dorsal Horn Neurons;0;0;0;0;0,905;-1,964;-1,342;-1,46;-1,528;-0,816;1,732;1,768;1,414;0;0;0,707
Glutathione-mediated Detoxification;0;0;1;0;0;-1,134;-1,667;-1,414;-1,134;-0,816;1,414;1,897;2,53;0;0;1
Gene and protein expression by JAK-STAT signaling after IL-12 stimulation;0;0;0;0;0;-1,134;-1,134;-1,508;-1,265;-1,265;1,414;2,324;2,138;0;0;1
Branched-chain amino acid catabolism;0;0;0;0;0;-1,633;-1,633;-2,236;-1,342;-1,342;1,633;1,667;2,111;0;0;1,342
Sphingolipid metabolism;0;0;1,342;0;0;-2;-1,5;-0,626;-1,606;-1,706;0,728;1,512;1,89;0;0;0
Complement System;0;0;0;0;0;-1;-1,897;-1,633;-1,508;-1,633;0;1,897;1,897;0;0;0
Signaling by Retinoic Acid;0;0;0;0;0;-1,414;-2,121;-0,707;-1,414;-0,632;1,265;1,5;1,291;0;0;1
Dopamine Degradation;0;0;0;0;0;-1,89;-2,121;-1,508;-1,414;-1,414;1,155;1,604;1,508;0;0;1
Histamine Degradation;0;0;0;0;0;-2;-2,236;-1,633;-1,633;-1,633;0,816;1,414;1,633;0;0;0
Glutamate binding, activation of AMPA receptors and synaptic plasticity;0;0;0;0;0;-1,414;-1,134;-1,134;-1,414;-1,414;1,414;2,309;1,414;0;0;0
Putrescine Degradation III;0;0;0;0;0;-1,414;-1,134;-0,707;-0,707;-0,707;0,632;1,732;1,667;0;0;0
Tryptophan Degradation X (Mammalian, via Tryptamine);0;0;0;0;0;-1,633;-1,633;-1,134;-1,134;-1,134;0,707;1,732;1,667;0;0;0
Fatty Acid α-oxidation;0;0;0;0;0;-1,633;-1,633;-1,134;-1,134;-1,134;0,707;1,265;1,414;0;0;0
Myelination Signaling Pathway;0;0,816;1,414;2,449;1,826;-0,663;0,976;1,687;0,206;0,64;-0,896;0;-0,567;-1;0;0
HIF1α Signaling;0;1;0,229;2,236;3,053;0;1;1,664;0,944;1,89;-1,05;-0,585;-0,697;-1,667;0;-0,192
Gluconeogenesis I;0;2,449;0;2,449;2,449;0;0;1,342;2,236;1,89;0;-0,707;1,414;0;0;0
Glycolysis I;0;2,646;0;2,646;3,162;-1,342;1;1,89;1,89;2,714;0;-1,342;1,414;0;0;0
Intra-Golgi and retrograde Golgi-to-ER traffic;0;0;2,828;0;1,265;-2,121;-1,406;-1,48;-1,622;-0,48;-0,324;-0,556;-0,798;-2;-1,5;-0,426
DNA Replication Pre-Initiation;0;0;4,899;0;-1,414;1;-1,897;-1,698;-1,667;-2,236;-1,134;2,746;3,286;0;2,333;3
S Phase;0;0;4,583;0;0;-0,632;-1,604;-0,775;0;-1;-0,535;1,567;1,859;0;3;2,887
Mitotic G1 phase and G1/S transition;0;0;4,359;0;-0,632;-0,894;-1,633;-1,877;-1,342;-1,732;0;1,265;1,896;0;2,121;2,673
Aggrephagy;0;0;3,162;0;1;-1,633;-1,134;-0,378;0;-1,342;1,342;3,207;3,638;0;1,89;2,121
Protein folding;0;0;3,464;0;1,633;-0,905;-0,5;0,894;0;-0,5;0;3,157;3,138;0;2,236;1,89
Degradation of beta-catenin by the destruction complex;0;0;4,472;0;0;-0,816;-1,134;0,277;-0,816;0,302;0,333;3,138;3,402;0;3;2,887
TCF dependent signaling in response to WNT;0;0;5;0;1,414;-0,655;-1,4;0;-1,134;-0,18;0;2,562;2,562;0;2,714;2,236
Hedgehog 'off' state;0;0;3,9;0;-0,447;-1,508;-0,302;-0,632;-0,577;-0,302;0,277;1,616;2,828;0;2,121;1,941
Detoxification of Reactive Oxygen Species;0;0;3,162;0;0;-1,414;-0,632;0;-0,333;0,707;-0,378;2,236;1,886;0;3;3
Serotonin Receptor Signaling;0;0;2,711;0;1,859;-2,155;-1,117;-0,4;-1,8;-0,67;0,67;1,872;1,744;-2,309;1,347;0,632
RHO GTPase cycle;0;0;3,402;0;3,024;-2,085;-0,69;1,449;-1,155;0,724;-0,277;0,08;0,079;-1,732;1,095;0,905
S100 Family Signaling Pathway;0;-0,707;1,043;0,378;2,188;-1,026;-0,636;1,673;-1,052;0,792;0,518;1,543;0,949;-1,414;1,151;-0,949
Molecular Mechanisms of Cancer;0;-1;1,715;-0,378;2,689;-1,221;-0,714;1,42;-1,543;0,455;0,074;1,119;0,737;-1,8;0,603;0,135
HOTAIR Regulatory Pathway;0;0;2,333;0;2,138;-0,784;-0,557;0,324;-0,522;0,686;-0,169;0,48;0,316;-1,342;0,333;0,277
Chronic Myeloid Leukemia Signaling;0;0;2,357;0;2,268;-1,27;-1,565;1,179;-1,395;0,239;0,679;0,683;0,102;-0,447;0,535;-0,229
Plasma lipoprotein assembly, remodeling, and clearance;0;0;2,828;0;2,111;-1,155;-1,5;0,728;-1;0,229;0,243;0,209;0,853;-1;1;-0,333
Retinoate Biosynthesis I;0;0;0;0;0;0;-2;0;0;-1;1;2,121;1,89;0;1,342;1,342
Retinoid metabolism and transport;0;0;0,816;0;-1,342;-1;-2,111;0;-1,897;-0,832;0,832;1,807;2;0;2,236;0,447
Pyrimidine Deoxyribonucleotides De Novo Biosynthesis I;0;0;0;0;0;-1,342;0;0;0;0;0,707;1,265;1,897;0;2;0
Interconversion of nucleotide di- and triphosphates;0;0;0;0;2;-1,633;-0,447;-0,447;-0,447;0,447;1,134;1,265;1,897;0;2;0
p75 NTR receptor-mediated signalling;0;0;2,333;0;2,449;-1,043;-0,928;1,095;-0,898;0,539;0;0,781;1,406;0;1,633;2,333
Cardiac Hypertrophy Signaling;0;0;2,183;0;1,414;-1,508;-0,714;0,7;-1,131;0;1,336;1,013;0,697;-1,134;1,213;1,569
Xenobiotic Metabolism General Signaling Pathway;0;0;2,714;0;0,905;-1,279;-1,134;0,507;-0,557;0,365;1,461;0,866;1,043;0;1;1,291
Beta-catenin independent WNT signaling;0;0;2,887;0;1,134;-0,688;-1;-0,378;-0,816;-0,186;0,756;1,581;1,265;0;1;0,302
G-Protein Coupled Receptor Signaling;0;-0,333;2,746;-0,447;1,605;-1,675;-1,008;-0,089;-1,533;-0,351;1,673;1,791;1,645;-0,832;1,134;0,48
Signaling by NOTCH1;0;0;0,816;0;1,667;-0,243;0;0,894;-0,426;0,816;0,853;1,372;1,029;0;1,732;0,905
D-myo-inositol-5-phosphate Metabolism;0;0;1,265;0;2,53;-0,6;0,378;0,707;0,2;0,962;1,134;1,18;1,18;0;1,414;1,604
3-phosphoinositide Biosynthesis;0;0;1,667;0;1,941;-0,626;0,378;0,164;0;0,354;1,347;1,043;0,745;0;1,414;1,387
Signaling by NOTCH3;0;0;0;0;1,342;-0,632;-0,302;0,302;-0,905;0,258;1,069;1,789;1,789;0;1,633;1,633
Superpathway of Inositol Phosphate Compounds;0;0;1,265;0;1,807;-1,095;-0,343;0,457;-1,029;0,333;1,859;1,604;1,069;0;1;1
Melatonin Signaling;0;0;1,342;0;0,707;-0,775;-0,775;0;-0,775;0,243;1,147;1,134;1,043;0;0,816;0,816
Huntington's Disease Signaling;0;0;0,632;0;1,134;-1,342;-0,655;0,192;-1,225;0;1,347;1,543;1,298;0;0,632;0,832
Amino acids regulate mTORC1;0;0;2,646;0;-1;0,447;-0,378;0;0;-1,633;-1,89;1,698;1,698;0;1,342;1,134
RHO GTPases activate CIT;0;0;2,236;0;0;-1;-0,816;-1,342;-0,816;-1,342;-0,447;1,134;1,134;0;0;2
mRNA Capping;0;0;2;0;0;0;0;0;0;0;0;1,897;1,897;0;0;2,236
MyD88:MAL(TIRAP) cascade initiated on plasma membrane;0;0;2;0;0;-0,447;-0,378;-0,333;-1,134;-0,378;1;1,5;1,387;0;0;1,633
Nucleotide Excision Repair;0;0;2,714;0;0;-0,258;-0,243;-0,728;-0,243;-0,943;1,291;1,622;2,611;0;1,897;2,138
Late endosomal microautophagy;0;0;3,162;0;0;0;0;0;0;0;0,447;1,807;2,673;0;1,89;1,414
Chaperone Mediated Autophagy;0;0;2,646;0;0;0;-0,447;0;0;0;1;2,333;3,162;0;1,342;1,89
B-WICH complex positively regulates rRNA expression;0;0;1,89;0;0;0,447;0;-1;-1,134;-0,707;0,378;2,333;1,508;0;2;1,89
MTOR signalling;0;0;3;0;0;0;-0,447;-1;0;-1;0,447;2,828;2,828;0;2;2,449
Cristae formation;0;0;2;0;0;0;0;-1;0;-1;0;2,309;2,138;0;2,449;2,449
Amyloid fiber formation;0;0;2,449;0;0,447;0,816;-0,707;0,707;0;0,302;0;1,213;1,941;0;1,667;1,667
Endosomal Sorting Complex Required For Transport (ESCRT);0;0;3;0;0;0;1;1;0;1;0;0,775;1,604;0;2,449;1,633
Transcriptional regulation of white adipocyte differentiation;0;0;1,89;0;0,632;-0,447;0,229;0,688;-0,229;0,218;0,408;0,928;1;0;2,309;1,508
Signaling by NOTCH2;0;0;2;0;0;-0,447;0,816;0,816;0;0,302;0,707;0,775;1,069;0;1,89;1,89
Signaling by ERBB4;0;0;2,121;0;-1;-0,302;-0,258;-0,277;-0,302;0,258;0,302;1,177;1,043;0;2,111;1,155
NER (Nucleotide Excision Repair, Enhanced Pathway);0;0;1,633;0;0;-0,577;-0,302;0;-0,277;-0,302;0,905;1,3;1,732;0;2,236;2,53
RNA Polymerase III Transcription;0;0;2,121;0;0;-0,816;-0,816;0;-1;0;0;2;1,291;0;2;1,89
Necroptosis Signaling Pathway;0;0;2,53;0;0;-0,365;-0,354;0,928;-0,87;-0,343;-0,365;1;1,677;0;2,183;1,732
Response to elevated platelet cytosolic Ca2+;0;0;3,441;0;3,051;0,507;0,164;0,801;1,333;1,298;-1,543;0,849;1,089;-1;0,728;1,147
Cachexia Signaling Pathway;0;0;3,781;0;1,633;0,843;0,57;1,193;0,688;1,394;-1,179;-0,186;0,647;-1,291;0,577;1,333
RHOA Signaling;0;0;3,357;0;1,633;-0,426;-0,378;1,225;0,365;1,8;-0,928;0,48;0,324;-1;1,265;1,155
Sertoli Cell-Sertoli Cell Junction Signaling;0;0;2,683;0;2,837;-0,438;0,662;2,077;1,722;1,664;-1,172;-0,883;-0,447;-1,134;-0,258;-0,426
Signaling by VEGF;0;0;2,53;0;2,53;0;-0,392;1,633;0;1,569;-0,392;-0,309;-0,302;-1;0,707;-0,277
Signaling by Rho Family GTPases;0;0;2,982;0;2,828;-0,152;0;2,292;0,555;1,54;-1,26;0;-0,117;-0,816;1,147;0,626
CXCR4 Signaling;0;0;2,714;0;1,147;0,192;0,365;1,061;0,539;0,87;-0,73;-0,277;-1,021;-1,342;1,069;0,894
ILK Signaling;0;0;2,357;0;1,147;0,354;0,667;0,577;0,48;0,42;-2,03;0;-0,126;-1,633;0,229;0,894
Senescence-Associated Secretory Phenotype (SASP);0;0;3;0;2,121;1,155;0,775;1,528;0,832;1,528;-1,807;0;0;0;0;0,333
IL-8 Signaling;0;0;3,162;0;1,886;0,949;0,885;1,414;1;1,109;-1;-0,97;-0,728;-0,816;0,728;0,229
Regulation of Actin-based Motility by Rho;0;0;2,887;0;1,89;0,775;0,775;1,698;1,147;1,213;-2,132;-0,378;-1,095;-1;1;0,277
Oxytocin Signaling Pathway;0;-2;3,962;0;1,279;0;0,132;0,739;0,25;0,717;-0,62;1,153;0,314;-0,447;1,279;1,3
NRF2-mediated Oxidative Stress Response;0;0;3,464;0;1,698;-0,209;0,6;1,715;0,962;1,257;-0,577;0,447;-0,316;0;3,317;1,508
RAF/MAP kinase cascade;0;0;4,849;0;2,138;0,745;0,802;1,386;0,429;1,25;-0,788;0,647;1,141;0;2,294;2,043
Fc epsilon receptor (FCERI) signaling;0;0;4,359;0;1;0;0;1,225;-1;0,894;-0,728;0,48;0,632;0;2,333;1,604
G Beta Gamma Signaling;0;-1;2,236;0;0,816;0,775;1,342;1,414;1,706;0,626;-0,447;-0,343;-0,928;0;2,236;0,707
Mitophagy;0;0;2,236;0;0;0;1,633;2;2;1,342;0;1,265;0,632;0;2,236;2
Signaling by ERBB2;0;0;2,646;0;0;0,632;1;0,905;0,905;0,832;-0,632;0,408;0,209;0;3;1,667
RAB GEFs exchange GTP for GDP on RABs;0;0;2,236;0;1,633;-0,577;1;-0,243;0;0,688;-0,5;-0,354;-0,365;0;1,342;2,449
Clathrin-mediated endocytosis;0;0;2,309;0;2;-0,218;0;1,961;1;1,4;-0,192;-0,309;0,729;0;1,941;1,069
Agrin Interactions at Neuromuscular Junction;0;0;2,449;0;1,633;-1;0,632;0,832;1,069;0,775;-1,155;-0,426;0,426;0;2;0,378
Estrogen Receptor Signaling;0;0;1,134;-1;1,219;-0,674;0,739;1,835;1,016;1,213;-0,246;0,198;0,483;0,447;2,2;1,768
3-phosphoinositide Degradation;0;0;1,667;0;2,333;0;1,225;0,898;1,091;1;0,426;0,309;0,156;0;1,89;1,387
D-myo-inositol (3,4,5,6)-tetrakisphosphate Biosynthesis;0;0;1,667;0;2,333;0;1,225;0,73;1,342;1;0,426;0,316;0,316;0;1,89;1,732
D-myo-inositol (1,4,5,6)-Tetrakisphosphate Biosynthesis;0;0;1,667;0;2,333;0;1,225;0,73;1,342;1;0,426;0,316;0,316;0;1,89;1,732
Phase II - Conjugation of compounds;0;0;1,414;0;0;0,447;0;-1,342;0,447;-1,633;-1,89;-1,291;-1,604;0;-1,633;-1,414
Interferon alpha/beta signaling;0;0;3;0;-3,051;0,378;-0,302;0,258;-0,905;-1,5;-1,265;0,832;-0,577;0;2,121;3
Assembly of RNA Polymerase II Complex;0;0;1,342;0;0;1;1,342;-0,447;1,342;0;-1,134;0,728;0;0;2;1,414
TP53 Regulates Metabolic Genes;0;0;2,324;0;0;1,155;2;-1,291;2,138;0,243;-1,387;0,18;0,365;0;1,807;2,324
Regulation of TP53 Activity through Phosphorylation;0;0;1,265;0;-2,236;1;1,342;-1,8;1,291;-0,894;-1,213;-0,557;-1,095;0;0,816;1
Interferon Signaling;0;0;2;0;-2,333;0,447;0,378;0;0,378;-0,632;-1,667;-1,414;-1;0;1;2
Signaling by Insulin receptor;0;0;0;0;-1;1,134;0;0,378;0,707;-0,333;-1,667;0,229;0;0;2;0,447
Interferon gamma signaling;0;0;1,342;0;-2,111;0,728;0,894;0,471;0,943;0,218;-1,342;-0,426;-1,342;0;1,89;1
ISG15 antiviral mechanism;0;0;1;0;-3,162;1,633;0,905;0,577;0,707;-0,258;-1,667;-0,471;-1,213;0;1;0
ISGylation Signaling Pathway;0;0;1,134;0;-1,604;1,069;0,471;0,471;1;-0,471;-1,342;-0,192;-0,378;0;0,816;0
FAK Signaling;0;0;0;-1,342;2,402;-0,965;-0,308;1,044;-0,097;0,683;-0,093;-0,168;-0,926;-1,4;-0,557;-1,372
Sumoylation Pathway;0;0;-1,633;0;0;-0,218;0;-0,853;0,426;-0,408;0,2;-1,521;0;0;-2,121;-0,816
Amyotrophic Lateral Sclerosis Signaling;0;0;-1,342;0;1,633;-0,688;-0,853;0,218;-1,043;0,209;0,853;-0,898;-0,378;0;-1,134;-1,134
Transport of inorganic cations/anions and amino acids/oligopeptides;0;0;-2;0;1,414;-0,378;0,2;0,539;-0,378;0;-0,192;-0,898;-0,354;-0,447;-1,667;-1,941
Macrophage Alternative Activation Signaling Pathway;0;0;1,069;0;2,065;-0,343;0;1,372;-0,16;0,762;-0,146;0,143;0;2;0,302;-0,333
NGF Signaling;0;0;2,121;0;2,496;-0,894;0,784;1,567;0,928;0,898;-0,2;-1,298;-1,151;0;1,342;-0,333
IL-17A Signaling in Gastric Cells;0;0;0;0;0;-0,447;0;1,89;0;1,134;-0,816;-0,632;0;0;0;0
Chemokine Signaling;0;0;0;0;0,707;-0,728;-0,471;1,706;0;0,626;-1,177;-0,973;-0,522;0;-0,333;-0,832
Signaling by MET;0;0;0,816;0;2,236;0;0,209;1,877;0,688;1,633;-1;-0,686;-1,029;0;-0,378;0
Neurexins and neuroligins;0;0;0;0;2,236;0,535;0,535;1,604;1,155;1,897;-0,832;-0,5;-0,775;0;0;0
Netrin-1 signaling;0;0;0;0;1,633;-0,577;0;1,213;0,258;1,213;0,258;-0,447;0,728;0;0;0
4-1BB Signaling in T Lymphocytes;0;0;0;0;2;0;0;2,111;0,816;1,265;-0,447;-1,291;-0,632;0;0;0
B Cell Activating Factor Signaling;0;0;0;0;2,236;0;-0,333;1,941;0;1,155;-0,333;-1,069;0;0;0;0
April Mediated Signaling;0;0;0;0;2,236;0;-0,333;1,604;0;1,155;-0,302;-1,069;0;0;0;0
PFKFB4 Signaling Pathway;0;0;-0,378;0;0,816;0;0,775;1,291;0,258;0,258;0,258;0,218;-0,243;0;2;0,447
Neuregulin Signaling;0;0;1,633;0;1,508;-0,243;0,943;1,147;1,043;1,46;-0,471;-0,169;-0,707;0;2,333;0,632
Opioid Signaling Pathway;0;0;0,943;0;1,46;0;0,866;0,687;0,962;0,525;-0,555;-0,342;-1,162;0;1,698;0,655
ERB2-ERBB3 Signaling;0;0;1;0;1,134;-0,378;0,302;1;0,535;0,535;-0,302;-0,408;-0,816;0;1,134;0
P2Y Purigenic Receptor Signaling Pathway;0;0;1;0;1,807;-0,655;0,6;0,898;0,962;1,567;0,18;-0,457;-0,926;0;0,707;0,302
Autism Signaling Pathway;0;0;1,387;0;1,414;0,42;0,896;2,077;0,75;2,032;-0,485;-0,318;-0,57;-0,707;0,426;0,2
PIP3 activates AKT signaling;0;0;1;0;1,508;0;0,707;1,48;0,707;2;-0,539;-0,152;-0,309;0;0,577;0,277
CDK5 Signaling;0;0;1,134;0;1,414;0,426;0,408;1,4;0,626;1,732;0,192;-0,309;-0,493;0;1,134;0,333
IGF-1 Signaling;0;0;0,816;0;1,265;-0,243;1,279;1,091;1,043;0,853;-0,426;-1,667;-1,414;0;0,378;0,333
Role of NANOG in Mammalian Embryonic Stem Cell Pluripotency;0;0;0;0;0,707;-0,302;0,775;1,213;0,728;0,775;0,258;-0,853;-1,043;0;0;-0,447
Antiproliferative Role of Somatostatin Receptor 2;0;0;0;0;0,816;0;0,905;0,775;0,832;0,535;0;-0,688;-0,943;0;1;0
IL-2 Signaling;0;0;0;0;0,447;0;0,632;1,155;1,387;0,905;-0,302;-1,147;-0,894;0;0,447;0
ERBB4 Signaling;0;0;0;0;0,707;0,333;1,508;1;1,069;1,291;-0,277;-0,209;-1,279;0;1,89;0,378
ERBB Signaling;0;0;0;0;0,632;0,277;1,291;1,279;0,471;1,46;-0,229;-0,539;-1,461;0;1;-0,333
Netrin Signaling;0;0;0,378;0;1,807;0,316;1,474;1,206;0,849;0,866;0;-0,25;-0,896;0;0,535;-0,535
RAF-independent MAPK1/3 activation;0;0;0;0;1,633;1,134;1,414;1,508;0,707;1;0;-0,302;-0,707;0;1;0
Leukocyte Extravasation Signaling;0;0;1,732;0;0,943;-1,414;-0,845;0;-0,16;0,324;-1,093;-0,42;0,283;-1,414;0,577;-0,632
IL-15 Production;0;0;1,134;0;1,213;-1;0,2;1,219;-0,192;0;-0,784;-0,632;-0,649;-1,342;0,333;-0,333
Interleukin-4 and Interleukin-13 signaling;0;0;0,632;0;1,886;0,343;0;1,257;0,686;0,707;-0,617;-0,438;-0,714;-2,333;-0,333;-0,333
Synaptogenesis Signaling Pathway;0;0;0,728;0;2,357;-0,687;0;2;0,243;1,213;-0,485;-0,299;-0,619;-1;0,853;-0,816
Cardiac Hypertrophy Signaling (Enhanced);0;0,378;1,46;0;1,761;-0,697;-0,29;1,268;0,187;1,172;-0,362;-0,884;-0,49;-1;0,962;0,469
Colorectal Cancer Metastasis Signaling;0;0;1,897;0;1,8;0,309;0,438;1,604;0,566;1,131;-0,674;-0,346;-1,1;-1,633;0,688;0
Hepatic Cholestasis;0;0;1,414;0;2,183;0,16;0,762;0,7;0,152;1,155;-0,302;-0,391;-0,544;-1,134;0,243;0
COPI-mediated anterograde transport;0;0;2,673;0;2,449;-0,535;0;0,728;0,577;1,069;-0,243;-0,169;-0,333;0;-1,134;0,832
IL-1 Signaling;0;0;2,236;0;1;-0,277;-0,535;0,894;-1,387;0;0,243;0;0,229;0;-0,816;0,447
Protein Sorting Signaling Pathway;0;0;2,668;0;1,265;-0,962;-0,539;1;-0,522;0,522;-0,192;-0,868;-0,944;0;-1,155;0
RANK Signaling in Osteoclasts;0;0;0;0;1,897;-0,229;0,218;1,461;0;0,557;0,655;-0,557;-0,378;0;-1;0
HGF Signaling;0;0;0,378;0;1,732;-1,091;0;0,87;0,557;0,365;0,186;-0,926;-1,121;0;-0,378;-0,632
14-3-3-mediated Signaling;0;0;0,816;0;1,155;-1,213;0,218;0,6;0,209;0,784;0,192;-0,822;-0,649;0;-1;0
Macropinocytosis Signaling;0;0;1,342;0;1;-0,577;0,302;0;-0,258;0,243;0,243;0;-1,342;0;0,447;-0,378
LPS-stimulated MAPK Signaling;0;0;2,121;0;1,155;-0,832;0;0,6;0;0,6;-0,229;-0,756;-1,347;0;0;-0,302
MSP-RON Signaling in Macrophages Pathway;0;0;1,134;0;0,905;-0,577;-0,5;0,853;0;0,426;0;-0,6;-0,756;0;0;-0,333
CCR3 Signaling in Eosinophils;0;0;1;0;0,632;-0,832;-0,277;0,943;-0,5;0,688;0,229;-0,392;-0,962;0;-0,378;-0,577
Oxytocin in Brain Signaling Pathway;0;0;0,632;0;1,213;-0,801;0,762;0;0,905;0;0,316;0,132;-0,662;0;0,277;-0,471
Melanocyte Development and Pigmentation Signaling;0;0;1,342;0;1,414;-1,069;0,728;0,471;0,471;0;0,688;-0,378;-0,577;0;1,342;-0,707
Extra-nuclear estrogen signaling;0;0;1,89;0;0,447;-0,707;0,258;0;0,535;0,258;0,632;-0,192;-0,426;0;0,816;0
Glioma Signaling;0;0;2,236;0;0,632;-0,943;0,218;0,392;0,392;0;0,408;0,354;-0,73;0;1,134;0,905
Glucose metabolism;0;0;1,633;0;0,905;-0,333;0,333;0,218;0,277;1,528;0;0,229;0,243;0;0;0
Gα12/13 Signaling;0;0;2,828;0;1,941;-0,426;0,392;0,522;0,18;0,333;0,186;-0,447;-0,156;0;0,632;0,832
Insulin Secretion Signaling Pathway;0;0;1,807;0;1,46;-0,885;-0,566;0,438;-0,438;0,832;0;-0,119;-0,229;0;0,5;0,688
GNRH Signaling;0;0;1,265;0;1,213;-0,928;0,164;0,949;0,507;0,48;0,324;-0,535;-0,277;0;0,302;0
Ovarian Cancer Signaling;0;0;2;0;1,667;-0,471;0,229;0,894;0,218;0,655;-0,426;-0,174;-0,18;0;0,816;0
iNOS Signaling;0;0;0;0;0,816;0;0,378;1,155;-0,378;0,632;-2,111;-1,265;-0,905;0;-1;0
NAD Signaling Pathway;0;0;-0,302;0;0,688;-0,378;0,539;1,134;0;0,928;-0,845;-0,603;-1,732;-1,342;-0,905;-0,577
IL-13 Signaling Pathway;0;0;0;0;0,577;-0,209;0,426;1,46;0,209;1,043;-1,177;-1,183;-1,567;-0,447;-1,633;-1,134
ERK/MAPK Signaling;0;0;0,258;0;1,213;-0,18;0,667;1,067;0,309;0,905;-1,067;-1,457;-1,576;0;-0,632;-1
Regulation of the Epithelial Mesenchymal Transition in Development Pathway;0;0;0;0;1,633;1,069;0,728;1,342;0,471;1,342;-0,218;-0,577;-0,784;-1;-1,633;-1,414
Activin Inhibin Signaling Pathway;0;0;0;0;1,789;0,295;0,59;1,524;0,283;0,802;-0,651;-1,501;-0,97;-0,688;-1,528;-1
IL-17A Signaling in Airway Cells;0;0;0;0;0,707;0;0,277;1,147;-0,277;0,5;-0,258;-1,225;-1,279;0;-1,89;-2,236
Transcriptional regulation by RUNX2;0;0;0;0;0,447;0,775;0,688;0,775;0;1,069;-0,426;-1,095;-0,962;-1,342;-1,414;-2,121
Pyroptosis Signaling Pathway;0;0;0,447;0;-1,633;0,784;0,392;0,577;0,655;0,186;-0,962;-0,522;0;0;-0,302;-1,667
Autophagy;0;0;1,279;0;-0,853;0,152;0,816;1,172;0,577;1,05;-0,674;-0,697;-0,717;1;-0,655;-0,943
Chondroitin Sulfate Biosynthesis;0;0;2;0;0;1;0,905;0;1;0,577;-1,069;-0,243;-0,775;-1;-0,447;-0,816
Dermatan Sulfate Biosynthesis;0;0;2;0;0;0,632;0,577;-0,258;0,302;0;-1,069;-0,243;-0,775;-1;-0,447;-0,816
Heparan Sulfate Biosynthesis;0;0;1;0;0;1,508;1,387;0,535;1,155;1,155;-1;-0,655;-1,291;-1;-0,816;-1,134
Epithelial Adherens Junction Signaling;0;0;-0,302;0;-0,333;1,043;0,686;0,18;1,219;0,73;-1,521;-0,674;-1,387;-0,447;-2,111;-1,5
Heparan Sulfate Biosynthesis (Late Stages);0;0;0;0;0;1,667;1,155;0,577;0,905;1,265;-1,069;-0,943;-1,387;0;-1,342;-1,134
Chondroitin Sulfate Biosynthesis (Late Stages);0;0;0;0;0;1,134;0,632;0;0,707;0,632;-1,155;-0,535;-0,832;0;-1;-0,816
Intrinsic Prothrombin Activation Pathway;0;0;0;0;0;1;0;0;0;2;-2,236;-0,707;-1,134;0;0;0
SUMOylation of DNA damage response and repair proteins;0;0;0;0;-1,342;0,816;1,414;-0,471;1,414;-0,535;-1;-1,508;-1,897;0;0;-1
Circadian Clock;0;0;0;0;-1,134;0,302;1;-0,229;0,535;0,229;-1,265;-1,091;-2,558;0;0,378;-1
Tetrahydrofolate Salvage from 5,10-methenyltetrahydrofolate;0;0;0;0;0;0;1;1;0;1,342;0;0;-2;0;0;0
FLT3 Signaling in Hematopoietic Progenitor Cells;0;0;0,378;0;-0,378;-0,302;0,471;1,342;0,894;0,894;-0,243;-1,569;-2,043;0;0;-1,265
Oncogene Induced Senescence;0;0;0;0;0;0,707;1,414;0,333;0,707;0,632;-0,707;-1,069;-0,577;0;0;-1
Role of MAPK Signaling in Inhibiting the Pathogenesis of Influenza;0;0;0;0;0,816;0,243;1;1,043;0,243;0,447;-0,447;-0,962;-0,655;0;-0,378;-1
Pancreatic Adenocarcinoma Signaling;0;0;0,447;0;0,535;0;0,392;1,134;-0,192;0,192;-0,408;-0,632;-0,493;0;0,447;-1,633
SPINK1 General Cancer Pathway;0;0;1;0;0,378;0;0,577;1;0,535;0,258;-0,277;-1,091;-1,091;0;0,447;-0,707
Renin-Angiotensin Signaling;0;0;1,134;0;0,832;0;0,6;1,3;0,192;0,928;-0,365;-1,234;-1,406;0;0;-1,155
PI Metabolism;0;0;0;0;0,816;0,632;0,5;0,728;0;0,258;0,258;-0,707;-1,633;0;0;-1,414
D-myo-inositol (1,3,4)-trisphosphate Biosynthesis;0;0;0;0;0;0;1;1;0,447;0;0;-0,816;-1,342;0;0;-1
Non-Small Cell Lung Cancer Signaling;0;0;0,447;0;0,378;-0,277;0,775;0,447;0,471;0,5;-0,258;-0,962;-1,961;0;-0,447;-1,134
Renal Cell Carcinoma Signaling;0;0;0;0;0,816;-0,632;0,577;0,728;0,775;0,5;0;-1,091;-1,528;0;0;-1,134
Platelet Adhesion to exposed collagen;0;0;0;0;0;0;0;0;1;0;-2,236;-1,134;-2,121;0;0;0
Remodeling of Epithelial Adherens Junctions;0;0;0;0;0;0;1;0;1,342;0,447;-1,414;-1,667;-1,414;0;0;0
Retinoic acid Mediated Apoptosis Signaling;0;0;0;0;-0,447;0;0,832;1,155;0,302;0;-1,387;-1,606;-2,324;0;0;0
TRAIL signaling;0;0;0;0;0;0;2;1,134;0;0,447;-2;-2;-2;0;0;0
Interleukin-12 family signaling;0;0;0;0;0,447;0;2;0;0;0;-1,633;-2;-1,633;0;0;0
Signaling by Hippo;0;0;0;0;0;1,342;1,89;0;1,342;0;-0,816;-2,111;-1,897;0;0;0
GPCR-Mediated Integration of Enteroendocrine Signaling Exemplified by an L Cell;0;0;0;0;0,447;1,291;1,807;0,302;1,387;1,387;-0,943;-1,706;-2,065;0;1;0,447
Inhibition of Angiogenesis by TSP1;0;0;0;0;0;0,378;0;0,707;0,333;0,333;-0,905;-2,324;-1,265;0;0;0
Serine biosynthesis;0;0;0;0;0;0;0;0;0;0;0;-2,236;-2;0;0;0
IL-23 Signaling Pathway;0;0;0;0;0,707;0,707;1;0,832;0;0,905;-0,333;-1,508;-1,732;0;0;0
Interleukin-6 family signaling;0;0;0;0;0,707;1;0,632;1;0,707;0,707;-0,302;-0,905;-1,155;0;0;1
Myogenesis;0;0;0;0;0;0,707;1,134;0,632;0,333;0;-0,707;-1,265;-1;0;0;0
Tumoricidal Function of Hepatic Natural Killer Cells;0;0;0;0;0;1;0,447;0,447;0,447;0;-1;-1,134;-1,633;0;0;0
Cell Cycle Regulation by BTG Family Proteins;0;0;0;0;0;0;0,378;0,447;1;0;0;-1,414;-1,89;0;0;0
Erythropoietin Signaling Pathway;0;0;0,333;0;0,218;0;0,822;0,309;0,48;0,48;-0,156;-1;-1,664;0;0,277;0
FAT10 Cancer Signaling Pathway;0;0;-1;0;0;0,577;0,832;1,291;1,069;1,069;-1,069;-2,236;-1,213;0,816;-0,447;0,378
Role of p14/p19ARF in Tumor Suppression;0;0;0;0;0;1,134;1,414;1;1,134;0,378;-1,414;-1,508;-0,905;0;0;0
Caspase activation via Death Receptors in the presence of ligand;0;0;0;0;0;1;1,342;1;1;0,447;-2,236;-1,342;-1,342;0;0;0
TBC/RABGAPs;0;0;0;0;0;0,816;0,302;0,707;1;1,414;-0,632;-1,508;-1,667;0;0;0
Signaling by BMP;0;0;0;0;0;1,265;0,378;1;1;1,667;-0,577;-2;-1,604;0;0;0
Dissolution of Fibrin Clot;0;0;0;0;0;0,447;0,447;0,816;1,633;1,342;-1,134;-1,134;-0,816;0;0;0
Folate Transformations I;0;0;0;0;0;1,342;0,816;0,816;1,342;0,816;-0,816;-0,447;-0,816;0;0;0
Nicotinate metabolism;0;0;0;0;0;1,342;0,447;0,447;1,342;1;-0,816;-1,134;-1,134;0;0;0
UDP-N-acetyl-D-galactosamine Biosynthesis II;0;0;0;0;1;1;1;0,816;1;1,633;-1;-1;-1;0;0;0
BMAL1:CLOCK,NPAS2 activates circadian gene expression;0;0;0;0;0;1;0,905;1,414;0,632;1,508;-1,155;-1;-1,414;0;0;-0,378
Calcium Transport I;0;0;0;0;0;1;1;1,342;1,342;1,342;-1,342;-1,633;-1;0;0;0
Superpathway of Serine and Glycine Biosynthesis I;0;0;0;0;0;1;1;1;1;1;-1;-1;-1;0;0;0
Nephrin family interactions;0;0;0;0;0;1;1,342;0,816;1;1,342;-1,342;-1,134;-1;0;0;0
DDX58/IFIH1-mediated induction of interferon-alpha/beta;0;0;2,333;0;-0,816;1,667;1,265;1,706;1,508;0,5;-2,111;-0,392;-0,816;0;1,89;1,342
NLR signaling pathways;0;0;2,449;0;0;2,138;1,291;2,236;1,069;1,043;-2,324;-0,577;-0,6;0;1,633;0
Endocannabinoid Cancer Inhibition Pathway;0;0;1,387;0;-1,732;2,502;1,372;1,121;1,567;0,801;-1,808;-0,674;-0,849;0;0,905;1,155
MicroRNA Biogenesis Signaling Pathway;0;0;1,732;0;-0,5;1,257;1,521;0,59;1,761;1,18;-1,265;-0,896;-1,408;0;1,414;1
Immunogenic Cell Death Signaling Pathway;0;0;2,53;0;-1;1,528;1,279;0,928;1,706;1,3;-2,449;-1,3;-0,962;0;0,632;0,378
Cytosolic sensors of pathogen-associated DNA;0;0;1,633;0;0,816;1,414;1,134;1,941;1,633;1,732;-1,667;0,302;0,577;0;1,342;0
Sulfur amino acid metabolism;0;0;0;0;0;1,342;1;2;1;0,816;-1,342;0,632;-0,333;0;0;0
Calcium Signaling;0;0;0;0;0,632;0,962;1,347;1,671;1,512;1,219;-1,095;-0,164;-0,333;0;1,414;0,333
Osteoarthritis Pathway;0;0;2,111;0;1,213;1,54;0,7;0,63;0,544;0,391;-0,492;-0,679;0;0,832;0,626;1,043
Transcriptional Regulation by VENTX;0;0;1,633;0;1,342;1;0,816;0,302;0,816;0,632;-1,134;-0,302;0;0;0;0
Regulation of TP53 Expression and Degradation;0;0;1,414;0;0;1,134;0,632;1,342;1,414;0,816;-1,633;-0,471;0,243;0;1;1,633
p38 MAPK Signaling;0;0;1,633;0;-1,134;0,2;0,577;0,87;-0,186;0,507;-0,73;-0,507;-0,343;0;0;0,707
Multiple Sclerosis Signaling Pathway;0;0;1,414;0;-0,229;0,16;0,577;1,697;0;0,577;-1,18;0;0;-0,447;0,905;0,577
Role of Osteoblasts in Rheumatoid Arthritis Signaling Pathway;0;0;1,633;0;-0,853;0,438;1,109;1,807;0,687;1,664;-1,336;-0,119;0,12;-0,632;1;0,728
Ferroptosis Signaling Pathway;0;0;2,673;0;0,378;0,493;1,406;1,521;1,441;0,667;-1,441;-0,662;-0,849;0;0,577;-0,258
Endocannabinoid Developing Neuron Pathway;0;0;2,121;0;-0,577;0;1,342;0,962;0,853;-0,408;-0,426;-0,649;-0,667;0;1,134;0
Role of MAPK Signaling in Promoting the Pathogenesis of Influenza;0;0;1,414;0;0,333;0,218;1,091;1,177;1,043;0,192;-1,177;-0,632;-0,686;0;0,333;0
CSDE1 Signaling Pathway;0;0;1,342;0;0;-0,447;0,632;0,577;0,632;0,632;-1,155;-1,147;-1,147;0;0,447;0,447
MyD88-independent TLR4 cascade;0;0;1;0;0;1,134;0,707;1;0,378;0,302;-2,236;-0,775;-0,905;0;0,447;0
Toll Like Receptor 3 (TLR3) Cascade;0;0;1;0;0;1,633;1,134;1,069;0,816;0,302;-2,236;-0,775;-0,905;0;1;0
Regulation of TP53 Activity through Methylation;0;0;1,342;0;0;1,633;1,134;1;1,342;0,378;-0,816;-0,905;-0,302;0;0;0
Signaling by FGFR1;0;0;1,342;0;0;1;0,632;1;0,632;0,632;-0,905;-0,853;-0,655;0;0,447;-0,707
Signaling by FGFR3;0;0;1,342;0;0;0,816;0,378;1,134;0,378;0,378;-1;-0,471;0;0;0,447;-0,707
Signaling by FGFR4;0;0;1,342;0;0;0,816;0,378;1,134;0,378;0,378;-0,707;-0,243;0,258;0;1;-0,378
Pulmonary Healing Signaling Pathway;0;0;2,111;0;1,043;0;0;1,313;0,272;0,962;-0,788;-0,465;-0,239;-0,707;-0,243;-0,655
Glioblastoma Multiforme Signaling;0;0;1,414;0;0,471;0;-0,493;1,093;0;1,121;-0,152;0,535;-0,687;-1;-0,302;-0,243
Signaling by Activin;0;0;2;0;0;1;0;1,342;1,342;1,342;-1;-1;0;-1;0;0
NAFLD Signaling Pathway;0;0;2,309;0;0,894;0,849;0,267;2,286;0,816;1,033;-0,687;-1,231;-0,246;-0,447;0;0
Natural Killer Cell Signaling;0;0;0,905;0;0,943;0,354;0,649;1,342;0,926;0,885;-0,16;-1,192;-0,944;0;-1;-0,832
Senescence Pathway;0;0;1,069;0;1,8;0,985;0,602;1,395;0,471;1,195;-0,943;-1,633;-1,378;-0,302;-0,258;-0,392
JAK/STAT Signaling;0;0;1,633;0;0,832;0,258;0,655;1,633;0,853;1,091;-0,853;-0,756;-1,095;0;0;0
VEGF Signaling;0;0;1,414;0;1,265;0,258;0,894;1,633;1,043;1,633;-0,894;-1,095;-0,686;0;0;-0,632
Integrin Signaling;0;0;1,886;0;1,414;0,333;1,265;1,093;1,155;0,781;-1,414;-1,231;-0,97;-0,707;-0,243;-0,6
IL-6 Signaling;0;0;2,111;0;0,832;0,392;0,686;1,852;0,333;1,265;-0,822;-0,866;-1,043;-0,816;-0,775;-0,5
TGF-β Signaling;0;0;2;0;1,134;0;0,655;1,279;0,6;0,853;-0,816;-1,581;-1,372;-0,447;-0,707;-0,302
Role of JAK family kinases in IL-6-type Cytokine Signaling;0;0;2,121;0;1,807;1,4;1,347;2,353;1,569;2,117;-1,461;-1,093;-0,801;-0,447;-0,333;1
Polyamine Regulation in Colon Cancer;0;0;1,414;0;1,89;1,155;1,155;2;1,5;0,905;-0,775;-0,6;-0,209;0;0;0
Acute Phase Response Signaling;0;0;1,732;0;0,535;0,816;1,3;1,947;1,414;1,715;-1,061;-1,18;-1,234;-0,447;-1,291;0,258
FLT3 Signaling;0;0;2;0;0;1,414;1;1,897;1,897;1,667;-1,414;-1;-1;0;0;0,816
ATF4 activates genes in response to endoplasmic reticulum stress;0;0;1,342;0;0;1,667;1,155;2,111;1,508;1,897;-1,387;-1,604;-1,508;0;0;0
Signaling by EGFR;0;0;2;0;0;1,941;1,807;2,668;1,604;2;-0,905;-1,279;-1,706;0;0,447;0
TP53 Regulates Transcription of Cell Death Genes;0;0;1,342;0;1,342;1,604;1,5;1;1,604;0,775;-1,291;-1,342;-1,789;0;0;1
Signaling by TGF-beta Receptor Complex;0;0;2,449;0;1;1,789;1,279;1,528;1,706;1,279;-2,502;-1,715;-1,616;-0,816;0;0
HMGB1 Signaling;0;0;1,414;0;1,414;1,414;1,567;2,469;1,151;2,03;-1,982;-1,604;-1,786;0;0,775;0,243
Cholecystokinin/Gastrin-mediated Signaling;0;0;1,667;0;1,147;1,177;1,8;2,191;1,347;2,335;-1,671;-1,234;-1,897;-1;0,905;0,5
fMLP Signaling in Neutrophils;0;0;1,414;0;1,604;1,342;1,633;1,671;1,961;2,502;-1,134;-1,667;-2,082;0;0;-0,302
Estrogen-Dependent Breast Cancer Signaling;0;0;1,633;0;1,414;1;1,069;1,414;1,5;1,698;-1,5;-1,528;-1,877;0;0;-0,378
UVC-Induced MAPK Signaling;0;0;2;0;1,414;0,632;1,508;1,604;1,732;1,604;-1,604;-1,528;-1,414;0;0,447;0
PAK Signaling;0;0;2,333;0;1,265;0,471;1,706;1,89;1,633;1,225;-1,633;-1,521;-1,715;0;0;0,258
Acute Myeloid Leukemia Signaling;0;0;1,89;0;1,508;0,302;1,291;1,789;1,606;1,213;-0,243;-1;-1,225;0;1,134;0,632
PEDF Signaling;0;0;2,646;0;0,816;0,775;1;1,279;1,342;1,4;-0,426;-0,928;-1,134;0;0,378;0,905
α-Adrenergic Signaling;0;0;2;0;0,707;1;1,155;1,291;1,387;1,941;-0,535;-0,209;-1,091;0;1;0,378
Gαi Signaling;0;0;1;0;-0,378;1,069;1,807;1,5;1,807;1,213;-1,342;-1,134;-1,134;0;0,447;0,333
Telomerase Signaling;0;0;1,134;0;0,333;0,832;1,291;1,606;1,789;1,213;-1,213;-0,928;-1,512;0;1;-0,378
Insulin Receptor Signaling;0;0;1,508;0;0,632;0,655;1,8;0,557;1,732;1,134;-1,091;-1,067;-0,781;0;0,905;0,535
Prolactin Signaling;0;0;1,342;0;0,577;0,277;1,213;1,091;1,147;1,342;-0,655;-0,928;-1,671;0;0,816;1
Th1 Pathway;0;0;1;0;0;0,471;1,606;1,091;1,147;1,633;-0,894;-1,043;-0,816;0;0,447;1,134
Neurotrophin/TRK Signaling;0;0;1,633;0;0,378;0,632;1,807;1,46;1,147;1,342;-0,728;-1,4;-1,8;0;0,816;0
Thrombopoietin Signaling;0;0;2;0;0,577;0,632;1,155;1,606;1,069;1,886;-0,943;-1,043;-2,041;0;1,134;0,378
NF-κB Activation by Viruses;0;0;1,414;0;0,632;0,535;0,5;1,279;1,414;0,894;-1,342;-1,177;-1,826;0;0,816;0,333
IL-3 Signaling;0;0;1,342;0;0,302;0,302;0,832;1,213;1,069;1,698;-0,728;-1,225;-1,961;0;0,378;0
Angiopoietin Signaling;0;0;0,816;0;0,378;0,333;0,577;1;1,069;1,5;-0,5;-1,606;-1,789;0;0;-0,333
Zymosterol Biosynthesis;0;0;0;0;0;0;0;-2,236;0;-2;2;0;0;0;0;0
Ketone body metabolism;0;0;0;0;0;0;0;-2;0;0;2;0;2;0;0;0
PCP (Planar Cell Polarity) Pathway;0;0;1;0;0,447;-1,155;-2,138;0,5;-1,807;-0,243;0,728;0,655;0;0;0;-2
DNA Methylation and Transcriptional Repression Signaling;0;0;0,816;0;1,342;0;0;0;0;0,243;-0,688;1,029;0,962;0;-1;-1,89
Glycosaminoglycan metabolism;0;0;0;0;0,333;0;-0,728;-0,626;-1,147;-0,853;-0,229;1;1,347;-0,816;-0,707;-2,646
Ion channel transport;0;0;-0,447;0;-1,342;-0,686;-0,898;0,392;-0,522;-0,507;0,333;0,603;0,632;-2,236;-0,378;-0,832
Sirtuin Signaling Pathway;0;-0,816;1,461;-0,816;-1,342;0,156;-0,152;0,143;-0,156;-0,457;0,603;0,93;-0,229;-1,89;0;0
Cytoprotection by HMOX1;0;0;0;0;0;0;0,632;0,277;0;0;0;1,606;1,279;0;2,53;2,111
Semaphorin Neuronal Repulsive Signaling Pathway;0;0;0;0;-0,832;-0,557;-0,557;0,16;-0,973;0,164;0;1,336;1,571;0;1,155;1,414
Pentose Phosphate Pathway;0;0;0;0;0;0;0;0;0;0;0;1,342;2;0;0;2
Protein methylation;0;0;0;0;0;0;-1;0;0;0;0;1,633;2,121;0;0;2
ESR-mediated signaling;0;0;0,905;0;0,816;-0,577;0,258;-0,229;0,5;-0,655;-0,632;1,441;1,333;0;0,905;0
Phenylalanine and tyrosine metabolism;0;0;0;0;0;-1;0;0;0;0;0;2,449;2,236;0;0;0
Formation of xylulose-5-phosphate;0;0;0;0;0;0;0;0;0;0;0;2;2,236;0;0;0
Processing of SMDT1;0;0;0;0;0;0;0;0;0;0;0;2,236;2;0;0;0
EPH-Ephrin signaling;0;0;3,317;0;0;-1,213;0,218;0,894;0,218;0,426;-1,528;-0,343;-0,169;0;0;0,577
Smooth Muscle Contraction;0;0;2,714;0;0,447;-0,832;0;-1,155;1,291;0,277;-1;0,229;1,147;0;0;1,265
Translocation of SLC2A4 (GLUT4) to the plasma membrane;0;0;2,646;0;0,707;-0,905;0,535;-1,291;0,632;-0,832;-0,302;0,229;0,218;0;0;0
Regulation of mRNA stability by proteins that bind AU-rich elements;0;0;1,89;0;0;-0,816;0,632;-1,265;0,378;-0,905;0;0,728;1,069;0;0;1
Binding and Uptake of Ligands by Scavenger Receptors;0;0;2,449;0;0;-0,302;-0,832;-0,277;0;0,277;-0,775;0;-0,243;-1,89;0,632;1,265
RHO GTPases Activate ROCKs;0;0;2,449;0;0;0;0,447;0;0,447;0;-1,342;0,378;0,707;0;0;2
RHO GTPases activate PKNs;0;0;2,828;0;0;-0,816;0;-0,447;0;-0,447;-0,707;0,277;0,277;0;0,816;2,646
Cell Cycle: G1/S Checkpoint Regulation;0;0;0,816;0;0;0,832;1,213;-0,277;1;0,277;0,243;-0,6;-0,6;0;1;1,342
Inhibition of ARE-Mediated mRNA Degradation Pathway;0;0;1,134;0;0;0,258;0,471;0,5;0,728;0;-0,447;-0,507;0,174;0;0;0,905
Role of CHK Proteins in Cell Cycle Checkpoint Control;0;0;2;0;0;0,378;0;-0,535;0,707;0,378;0;-0,243;0,535;0;0;1
TP53 Regulates Transcription of DNA Repair Genes;0;0;1,897;0;-0,447;1;0;-0,277;0,632;0,333;-0,905;0,365;0,2;0;1,134;1,155
Intrinsic Pathway for Apoptosis;0;0;1,633;0;0;0;-0,277;-0,632;0,277;0;-0,302;-0,784;0,447;0;1,342;2
Protein ubiquitination;0;0;1,633;0;0;0;0,447;0,378;1;0;-1;-0,535;0,333;0;1,633;1,342
Production of Nitric Oxide and Reactive Oxygen Species in Macrophages;0;0;1,604;0;0,688;-0,365;-0,522;0,59;-0,522;0;-0,469;-0,272;-0,832;0,816;0,943;1
Signaling by PTK6;0;0;1,667;0;0,447;-0,302;-1,069;1;-0,577;0,302;-0,905;0,784;0,626;0;1,667;0,333
mTOR Signaling;0;0;2,309;0;0;-0,218;-0,209;0,186;0;-0,192;-0,192;0,316;-0,152;0;1,508;1
Signaling by CSF3 (G-CSF);0;0;2,449;0;0;0;-0,816;0,447;0;0;-1;0,905;0,333;0;2;1,342
Pyridoxal 5'-phosphate Salvage Pathway;0;0;2;0;0;-1,604;-0,258;0,243;-1;-0,775;0,832;0;-0,471;0;1,342;0
Fc Epsilon RI Signaling;0;0;2;0;0,333;-1,698;-0,243;-0,2;-0,784;-0,392;1,091;0,174;-0,557;0;0,447;0,302
Salvage Pathways of Pyrimidine Ribonucleotides;0;0;2,236;0;1,155;-1,706;0,218;0,471;-0,426;0;0,626;0,169;0,365;0;1,667;0,378
Factors involved in megakaryocyte development and platelet production;0;0;2,236;0;1,414;-0,392;-0,192;0,229;-0,816;0;0;0;0,962;0;1,342;0,816
Role of NFAT in Cardiac Hypertrophy;0;0;0,816;0;0,853;-0,885;-0,447;-0,143;-0,143;0;0,788;0,593;0,122;0;1,069;0,471
Thrombin Signaling;0;0;1,667;0;1,147;-0,649;-0,493;0;-0,457;-0,149;0,295;0,896;0;0;1,291;0,728
White Adipose Tissue Browning Pathway;0;0;1,633;0;0,816;-0,392;-0,18;1,177;0,18;0,898;0,539;0,316;0,649;-0,447;1,134;-0,707
MAP kinase activation;0;0;2;0;0;0,378;0,333;1,732;-0,333;0,302;0,378;0;0;0;0;0
Cargo recognition for clathrin-mediated endocytosis;0;0;2,333;0;0;0,258;0;1,279;0,471;0,894;-0,243;-0,18;0,333;0;1,414;0,707
Signaling by NTRK1 (TRKA);0;0;2,646;0;0;-0,832;0;1,606;0;0,728;0;-0,18;-0,378;0;1,414;0,378
Th2 Pathway;0;0;2;0;0,378;-0,258;-0,471;1,414;-0,5;1,147;0,655;1,134;0,928;-0,447;0,707;0,632
Sphingosine-1-phosphate Signaling;0;0;1,89;0;0;-0,756;-0,6;0,756;-0,962;0,365;0,539;0,781;0,493;-1;-0,378;0,632
Energy dependent regulation of mTOR by LKB1-AMPK;0;0;2,449;0;0;0;0;0;0;0;0;0,707;0,333;0;0;1,342
MyD88 cascade initiated on plasma membrane;0;0;2;0;0;0;0,447;1,342;0;0,447;0;0,577;0,632;0;0;2
MyD88 dependent cascade initiated on endosome;0;0;2;0;0;0;0;1;-0,447;0,378;0;0,577;0,632;0;0;1,342
Oxidative Stress Induced Senescence;0;0;2,121;0;0,447;-0,535;-0,229;0,894;-0,5;-0,426;0,471;0,557;0,626;0;1,134;0
Signaling by FGFR2;0;0;1,508;0;0;-0,333;-0,333;0,333;0;-0,905;0;0,962;1,569;0;1;0,277
Colanic Acid Building Blocks Biosynthesis;0;0;2;0;0;0;0;0;0;0;0;0,378;1,633;0;0;1
Pyroptosis;0;0;2;0;0;0,816;0;0;0;-0,378;-0,378;0,258;1,508;0;0;0
trans-Golgi Network Vesicle Budding;0;0;2,53;0;0;-0,302;-1,069;0;-0,277;-0,258;-0,302;1,177;1,4;0;0,378;0
RAS processing;0;0;2;0;0;0;-1;0;0;-0,447;0;0,577;0,905;0;0;-0,378
Xenobiotic Metabolism AHR Signaling Pathway;0;0;0,378;0;0;-0,688;-1,091;-0,784;-0,655;0,209;0,408;0,707;1,061;0;-2,333;0,832
Phagosome Formation;0;0;1,528;-1;1,441;-1,725;-0,718;0;-1,166;0;0,392;1,311;-0,175;-1,886;0,557;-0,316
G alpha (q) signalling events;0;0;0,378;0;1,667;-1,342;-0,853;0,192;-1,177;-0,18;0,73;0,898;0,522;-2;-0,378;0,333
eNOS Signaling;0;0;0;0;1,732;-1,46;-1,46;-0,686;-1,569;-0,354;1,89;0,164;0,174;0;0,378;0,378
Mouse Embryonic Stem Cell Pluripotency;0;0;1;0;1,508;-1,528;-1;0,87;-1,095;-0,378;1,461;0,781;0,16;0;0,816;-0,333
CREB Signaling in Neurons;0;-0,378;0,5;0;1,567;-1,627;-0,988;0;-1,179;-0,105;1,251;1,257;0,572;-0,775;1,091;-0,18
L1CAM interactions;0;0;0,832;0;3;-1,512;-0,539;0,192;0;0,209;0,577;0,469;0,152;0;0;-1,667
Glutaminergic Receptor Signaling Pathway (Enhanced);0;0;0,447;0;2,236;-1,477;-0,62;0,122;-1,083;0,117;0,717;1,265;1,153;0,447;-0,5;-0,655
Neurotransmitter release cycle;0;0;0;0;0;-1,155;0;0,577;-0,632;0;1;0,258;0,258;0;0;-1
WNT/Ca+ pathway;0;0;0,447;0;1,414;-0,894;-0,655;0,816;-0,218;0,426;0,408;1;0,577;0;0;-1,342
Endocannabinoid Neuronal Synapse Pathway;0;0;0;0;0,816;-0,408;-0,408;1,342;0,209;0,392;0,192;0,973;1,257;0;-0,447;-1,134
Pre-NOTCH Expression and Processing;0;0;0;0;2;-0,632;-0,832;0,258;-1,155;1,213;0,832;0,229;-1;0;0;0
Dopamine-DARPP32 Feedback in cAMP Signaling;0;0;0;0;1,155;-1,043;-0,408;0;-0,626;0,898;0,756;0,324;0,156;0;-0,378;-0,632
RET signaling;0;0;0;0;1,633;-1,265;-0,707;0,832;-1,265;0,277;0,535;0,302;0,302;0;0;0
Reelin Signaling in Neurons;0;0;0;0;1,604;-1,225;-0,577;0,87;-0,539;0;0,73;0;-0,447;0;0;-0,707
Dilated Cardiomyopathy Signaling Pathway;0;0;-0,277;0;1;-1,342;-0,894;-0,471;-1,147;-1,225;1,46;0,16;0,164;2;0,243;-0,5
Protein Kinase A Signaling;0;1,342;-0,775;0;-0,209;-1,134;-0,577;-0,778;-0,808;-0,75;0,717;1,063;0,683;1,134;0,243;0,218
Growth Hormone Signaling;0;0;1;0;0,333;-1,508;-0,905;-1,732;-1,508;-0,832;1,069;0,229;0;0;0;1,134
Pancreatic Secretion Signaling Pathway;0;0;0,832;0;0,655;-1,938;-1,342;-1,361;-1,697;-0,272;1,414;1,053;1,147;0;0,258;0
Estrogen-mediated S-phase Entry;0;0;0;0;0;-1,342;-1,897;-1,414;-1,414;-0,378;0,816;0,905;0,333;0;0;0
Adrenomedullin signaling pathway;0;0;1,897;0;0,229;-2,082;-1,067;0,143;-1,342;-0,295;1,82;1,213;1,364;0;0,471;0,229
Xenobiotic Metabolism PXR Signaling Pathway;0;0;1,387;0;0,378;-0,686;-0,801;-1,372;-1,151;-0,781;0,781;0,896;1,214;0;-1,213;0,655
Coronavirus Replication Pathway;0;0;1,414;0;1,134;-1,414;-1,134;-0,632;-0,447;-1,134;0,816;1,155;1,387;0;0;0,378
Apelin Cardiomyocyte Signaling Pathway;0;0;1,667;0;0,277;-1,706;-1,342;-0,626;-0,853;-0,426;1,225;1,219;1,414;0;-0,378;0,905
Semaphorin interactions;0;0;2,53;0;1,134;-1,5;-1,147;0,218;-0,853;-0,426;-0,688;0,784;0,784;0;0,447;1
Fcγ Receptor-mediated Phagocytosis in Macrophages and Monocytes;0;0;2,236;0;1,414;-2;-0,775;-0,775;-0,471;-0,243;0;0;0,6;0;0;0
Docosahexaenoic Acid (DHA) Signaling;0;0;0,775;0;0,894;-0,544;0,267;-0,882;-0,272;-0,25;0,25;0,108;0;0;-0,471;-0,392
UVB-Induced MAPK Signaling;0;0;2;0;1,134;-1;-0,333;-0,277;-0,632;0;0,577;0;0,258;0;-0,447;0
CD40 Signaling;0;0;1;0;1,414;-0,632;-0,302;0,408;-0,577;0;0,775;-0,2;0,218;0;-0,816;0
Endothelin-1 Signaling;0;0;1,134;0;1,147;-1,372;-1,543;-1,021;-1,342;-1,26;0,555;0,64;0,525;0;-1,265;-0,5
TNFR1 Signaling;0;0;2;0;0;-1,414;-1,667;0;-1,667;-0,277;0,302;0,229;0,535;0;0;0
Factors Promoting Cardiogenesis in Vertebrates;0;0;1,134;0;1,508;-1,461;-1,768;-0,324;-0,822;0;0,617;0,272;0,566;-0,447;0,707;0,577
Type II Diabetes Mellitus Signaling;0;0;0,816;0;1,265;-1,291;-1,291;-0,209;-1;-0,655;0,943;0;0,392;0;-0,378;0
TNFR2 Signaling;0;0;1;0;1;-1,134;-1,414;-0,277;-1,134;-0,632;0,333;0;0,632;0;0;0
Superoxide Radicals Degradation;0;0;0;0;0;0;0;0;-2;-1;1;1,633;1,633;0;0;0
Retinol Biosynthesis;0;0;0;0;0;0;0;0;-2;0;0,447;1,414;1,134;0;1;0,447
ROBO SLIT Signaling Pathway;0;0;0;0;-1,265;-0,186;-1;-0,686;-0,522;-0,707;1,947;0,566;1,043;0;1,134;0,333
Platelet homeostasis;0;0;0;0;-0,816;-0,655;-0,218;-0,784;-0,626;-0,784;1,043;1,512;1,89;0;1;0,447
cAMP-mediated signaling;0;0;0;0;0;-1,219;-0,354;-1;-0,333;-0,822;1,121;0,849;0,98;0;1,134;0,632
Glycogen metabolism;0;0;0;0;0;-0,816;-1,414;-0,378;-0,816;0;1,414;1,941;2,309;0;0;0
Fanconi Anemia Pathway;0;0;0;0;0;-0,378;-1,414;-0,632;-0,707;0;1;2,53;2,449;0;0;1
GPCR-Mediated Nutrient Sensing in Enteroendocrine Cells;0;-1;0;0;0,378;-0,894;-1,091;-0,728;-0,894;0;1,633;1,826;1,177;0;0,816;0,378
Synthesis of Prostaglandins (PG) and Thromboxanes (TX);0;0;0;0;1;-0,816;-1,134;0;-0,816;-0,447;0,816;1,667;1,414;0;0;0
Activation of kainate receptors upon glutamate binding;0;0;0;0;1;0;-0,816;-0,447;-0,378;0;1,342;1,667;1,414;0;0;0
Toll-like Receptor Signaling;0;0;0;0;-0,816;-1,633;-1,89;-0,5;-2,449;-0,832;0,632;0,535;1,155;0;0;-0,447
Metabolism of nitric oxide: NOS3 activation and regulation;0;0;1;0;0;-1,342;-0,447;0;-1,342;-1;1;1;1;0;0;0
Ephrin B Signaling;0;0;0;0;0;-1,807;-1,291;0;-1,604;-1;0,258;0,816;1,342;0;0;0
Triacylglycerol Biosynthesis;0;0;0;0;0;-1,633;-1;0;-1,732;-1,134;0,905;0,775;1,291;0;0;0
Amyloid Processing;0;0;0;0;0;-0,816;-1,342;1;-1,633;-0,707;0,378;0,832;1,069;0;0;0
γ-linolenate Biosynthesis II (Animals);0;0;0;0;0;-1,342;-1,633;0;-2;0;1,134;0,707;1,134;0;0;0
Basal Cell Carcinoma Signaling;0;0;0;0;0;-0,707;-1,897;0,905;-1,508;0;1,508;1,291;0,832;0;0;0
Signaling by NTRK3 (TRKC);0;0;0;0;0;0;0;-1;-2;0;2;0,816;0,707;0;0;0
Signaling by Erythropoietin;0;0;0;0;0;-0,816;-0,816;-0,816;-1,633;-0,447;1,134;0,302;0;0;0;0
Leptin Signaling in Obesity;0;0;0;0;0;-1;0;-0,707;-1,134;-0,816;1,89;0,302;0,302;0;0;0
G alpha (z) signalling events;0;0;1,342;0;0,447;-0,816;-0,378;-0,333;0,447;0,302;0,816;0,905;1;0;0;0
γ-glutamyl Cycle;0;0;0;0;0;-1;0;0;0;0;0;1;1,342;0;0;0
Pyrimidine Ribonucleotides Interconversion;0;0;0;0;0;-1,342;0;-0,447;0;-0,447;0,707;1,387;0,832;0;0;0
Pyrimidine Ribonucleotides De Novo Biosynthesis;0;0;0;0;0;-1,342;0;-0,447;0;-0,447;0,707;1,387;0,832;0;0;0
Dopamine Receptor Signaling;0;0;0;0;0;-1,342;-1,342;0;0;0;1,633;0,333;1,342;0;0;0
Aldosterone Signaling in Epithelial Cells;0;0;0;0;0,577;-1,213;-1,213;-0,655;-0,894;-0,218;1,606;1,177;0,378;0;-0,447;-1,134
Acetylcholine Receptor Signaling Pathway;0;0;0,378;0;0;-1,543;-0,949;-0,152;-0,781;-0,283;1;0,97;1,016;0;0;-0,832
UVA-Induced MAPK Signaling;0;0;0;0;0;-1,604;-1,155;-0,258;-0,775;0;0,688;0,626;0,392;0;0;-0,707
FOXO-mediated transcription of oxidative stress, metabolic and neuronal genes;0;0;0;0;0;-0,707;-1,414;-0,447;-0,707;-0,447;1,134;1;0,816;0;0;0
Receptor-type tyrosine-protein phosphatases;0;0;0;0;0;-0,816;-0,816;-0,333;-0,816;0;1,134;0,707;1,414;0;0;0
Thrombin signalling through proteinase activated receptors (PARs);0;0;0;0;0;-0,447;-0,707;-0,333;-1;-0,333;1,414;1,387;1,508;0;0;0
Triglyceride metabolism;0;0;0;0;0;-1;-1;-1;0;-1;0,816;0,816;0,447;0;0;0
TP53 Regulates Transcription of Cell Cycle Genes;0;0;0;0;0;-0,775;-1,213;-0,728;-0,277;-0,535;0,5;1,091;0,229;0;0;0
tRNA Splicing;0;0;0;0;0;-0,333;-0,632;-0,577;-1,155;-1,069;0,632;0,535;0,535;0;0;0
Phenylalanine Degradation IV (Mammalian, via Side Chain);0;0;0;0;0;-0,816;-0,816;-0,816;-0,816;-0,816;0,816;1,134;0,816;0;0;0
Interleukin-7 signaling;0;0;0;0;0;-0,816;-0,447;-0,816;-1,134;-1,134;1,134;1;1;0;0;0
IL-10 Signaling;0;0;-1,807;0;0,728;0,6;0,522;0,16;1,257;0,309;-0,16;-0,745;-0,438;0,816;0,471;-0,775
PD-1, PD-L1 cancer immunotherapy pathway;0;0;-2,236;0;0;0,832;0,894;0,243;0,943;0,5;-1,414;-0,894;-0,229;0;-1,134;-1,134
WNT/β-catenin Signaling;0;0;-1,134;0;-0,632;0,408;0;0;0,707;-0,192;0;0,146;-0,324;-0,816;-1;-1,633
HIPPO signaling;0;0;-1;0;0;1;0,302;1;0,632;0,378;-0,535;0;-0,688;0;0;-1
VDR/RXR Activation;0;0;-1;0;-0,816;0,832;0;0,5;0;0,243;-0,832;-0,832;-0,775;0;-0,816;-1,89
DNA damage-induced 14-3-3σ Signaling;0;0;0;0;0;1,265;0,277;-1,5;0,302;-0,832;-0,905;-1,147;-0,728;0;0;0
RAB geranylgeranylation;0;0;0;0;0;-0,632;1,069;-0,707;-0,5;0;-1,604;-0,626;-1,279;0;0,816;1
TR/RXR Activation;0;0;-0,447;2;0,2;-0,928;-0,928;0,686;-0,18;0,649;0,186;-0,169;0,324;1;0,277;0
Relaxin Signaling;0;0;0;0;1,897;-0,728;0,229;-0,626;0;-0,209;1,46;-0,378;-0,2;0;0;1
Gαq Signaling;0;0;0,816;0;1,528;-0,174;-0,539;0,48;-0,667;0,164;1,121;0,745;-0,283;-1;0,577;1,155
BEX2 Signaling Pathway;0;0;0,378;0;1,897;-0,5;0;1,043;-0,229;0,426;-0,943;-0,18;0,378;0;0,632;0,707
Androgen Signaling;0;0;1;0;2,121;-0,243;0,258;0,728;0;0,426;0,471;0,816;0,655;0;0;0,447
Heme signaling;0;0;0;0;2,236;-0,302;0,277;0;0,577;0,258;0,632;0;1,147;0;0;0,816
Ribonucleotide Reductase Signaling Pathway;0;0;0,471;0;-0,243;-1,859;0,302;-0,146;-0,309;-0,447;0;0;0;0;-1,941;-1
Degradation of the extracellular matrix;0;0;0;0;0,378;-0,5;-0,688;0,229;-0,728;0,229;0,626;-0,378;0,192;0;-1,667;-1
EGF Signaling;0;0;0;0;0,378;-1,265;0;-0,258;-0,258;-0,258;0,775;-0,229;-0,447;0;-1,342;-0,447
FGF Signaling;0;0;-0,447;0;-0,447;-2,138;-0,5;-0,853;-0,894;-1,279;1,279;-0,577;0;0;-1,342;-1,89
MAPK6/MAPK4 signaling;0;0;0;0;0;-1,134;-1,414;-0,905;-0,707;-1,155;0,333;-1,155;-0,277;0;0;-1
IL-7 Signaling Pathway;0;0;0;0;0,378;-1,508;-1,069;-0,688;0;-1,091;0,775;0;0,209;0;-0,378;-0,447
Insertion of tail-anchored proteins into the endoplasmic reticulum membrane;0;0;0;0;0;0;0,447;1,667;0,447;1,667;0;0,816;0,816;0;0;0
Aryl Hydrocarbon Receptor Signaling;0;0;-0,333;0;0,632;-0,853;-1,3;-0,365;-1,177;0,392;-0,186;-0,762;-1,298;-1;-1;-1
AMPK Signaling;0;0;0;0;-0,277;-0,816;0,18;-1,414;0;-1,333;-0,174;-1,18;-1,18;0;-0,378;-1
Sertoli Cell-Germ Cell Junction Signaling Pathway (Enhanced);0;0;-0,5;0;0,2;-0,429;0,535;0,739;0;-0,762;-0,855;-1,166;-1,608;-0,333;-0,471;-1,043
Superpathway of D-myo-inositol (1,4,5)-trisphosphate Metabolism;0;0;0;0;0;0;0,447;0;0;-1;0;-1;-1,414;0;0;-1,342
Activation of IRF by Cytosolic Pattern Recognition Receptors;0;0;-0,447;0;-1;-0,378;-0,378;0,5;-0,378;-0,277;-0,333;-0,258;-0,832;0;-1;-0,447
PI3K Cascade;0;0;0;0;0;-0,378;-0,707;-0,302;-0,707;0;-0,302;-1,155;-1,069;0;-1;-2
YAP1- and WWTR1 (TAZ)-stimulated gene expression;0;0;0;0;0;-0,447;0;0;-0,447;0;0;-1;-0,707;0;-1;-1
Regulation of lipid metabolism by PPARalpha;0;0;0,816;0;-0,816;-0,6;-0,784;-0,626;-1,4;-0,209;0,707;-0,152;0,146;0,378;1,155;0,577
MYC Mediated Apoptosis Signaling;0;0;0,447;0;0;-0,535;-0,775;-0,728;-1;-0,5;0,775;-0,2;0,243;0;0,816;1
Death Receptor Signaling;0;0;1,508;0;-0,378;-1,414;-1;-0,378;-0,853;-0,784;-0,209;-0,333;-0,174;0;-0,447;1,342
RHO GTPases activate PAKs;0;0;0;0;0;-1;-0,447;-1,342;-0,447;-1;0;0,447;0,816;0;0;1
CDX Gastrointestinal Cancer Signaling Pathway;0;0;1;0;-1,069;-1,219;-0,316;-1,043;-0,801;-0,905;0;0;0,832;-0,447;-0,632;0,302
TYSND1 cleaves peroxisomal proteins;0;0;0;0;0;0;0;0;0;-2;0;0;0;0;0;0
Role of BRCA1 in DNA Damage Response;0;0;0;0;0;-0,378;-0,333;-1,604;-1;-1,667;0;0,535;-0,333;0;0;0
Dermatan Sulfate Degradation (Metazoa);0;0;0;0;0;0;0;-0,447;-1,342;-2;0;0,707;0,816;0;0;0
Chondroitin Sulfate Degradation (Metazoa);0;0;0;0;0;0;0;-1;-1,342;-2,236;0;0,816;1,342;0;0;0
GADD45 Signaling;0;0;-0,447;0;-1,667;-0,655;0,209;-1,043;0,209;-1,043;0,6;-0,845;0;0;0;0
Mitotic Prophase;0;0;0,447;0;-1;-1;-0,577;-1,342;-1,387;-1,279;0,728;0;-0,354;0;-0,447;-0,447
Apelin Pancreas Signaling Pathway;0;0;0;0;-1,342;-0,535;-0,535;-1,069;-0,535;-0,5;0,5;0,728;-0,258;0;0;-1
Coagulation System;0;0;0;0;-1;0;0;-1;-0,707;-1;0;0;0;0;0;0
BAG2 Signaling Pathway;0;0;0;0;-1,342;-0,302;-0,302;-1,213;-0,277;-1,069;0;-0,218;0;0;0;-0,447
Transcriptional regulation of granulopoiesis;0;0;1;0;0;0,816;-0,302;-0,333;-1,265;0;0,333;-0,302;-0,632;0;0;-1,342
Nucleotide catabolism;0;0;0;0;0;1;1;0,447;0,447;-0,816;0;1,155;0,905;0;0;0
Regulation of cholesterol biosynthesis by SREBP (SREBF);0;0;0;0;0;-2;0;0;-0,816;0,447;0;-1,265;-1,265;0;0;0
GPVI-mediated activation cascade;0;0;0;0;0;-0,816;-0,816;-0,378;-1,134;0;-0,707;-0,632;-1,667;0;0;0
Phosphatidylethanolamine Biosynthesis II;0;0;0;0;0;-1;0;0;-1;0;0;-1;0;0;0;0
Transcriptional regulation by the AP-2 (TFAP2) family of transcription factors;0;0;0;0;0;-0,816;-0,816;-0,302;-0,707;0;0;-0,302;-0,632;0;0;0,447
Corticotropin Releasing Hormone Signaling;0;0;1,633;0;0,378;-0,209;0,6;0;0,392;0,186;-0,18;-0,781;-0,845;-1,342;0;0
ID1 Signaling Pathway;0;0;0,5;0;0,447;-0,132;-0,651;0,243;-0,126;0,254;-0,492;-0,75;-0,436;-0,905;-0,209;0
Glioma Invasiveness Signaling;0;0;1,134;0;-0,333;0;0;0;-0,6;-0,2;-0,2;-0,174;-0,707;-1,134;0,333;-0,577
Metabolism of water-soluble vitamins and cofactors;0;0;0;0;1;0;-1,147;0,447;-0,258;-1,091;0,218;0,688;0,229;0;-0,378;0,816
Apelin Adipocyte Signaling Pathway;0;0;0,632;0;-0,447;-0,5;-0,728;0,535;-0,277;0;-0,229;0,928;0,962;0;0;1,265
Signaling by CSF1 (M-CSF) in myeloid cells;0;0;0;0;0;-0,378;-0,707;0,333;-0,378;-0,333;0;0,832;0;0;0;1
Thioredoxin Pathway;0;0;0;0;0;0;0;0;0;0;0;2;0;0;0;0
SUMOylation of intracellular receptors;0;0;0;0;0;0,378;-0,632;0,302;-0,333;0,707;0,905;1,155;0,905;0;0;0
VEGF Family Ligand-Receptor Interactions;0;0;0;0;1,265;-0,775;0,243;0,426;0;0,426;0,229;-0,392;-1,177;0;0,816;0,707
GDNF Family Ligand-Receptor Interactions;0;0;0;0;0,816;-0,577;0,243;1,147;0;0,471;0;-0,2;-0,626;0;0,447;-0,816
Synaptic Long Term Potentiation;0;0;0,333;0;0,905;-0,816;0;0,73;0;0,707;0,186;0,316;-0,152;0;0,333;-0,277
Small Cell Lung Cancer Signaling;0;0;0;0;1;-0,302;0,258;0,471;0,258;-0,243;0,277;-0,447;0;0;0;0
GPER1 signaling;0;0;0;0;2;0;-0,333;0,707;0,378;0,333;0,333;0;0,302;0;0;0
CD27 Signaling in Lymphocytes;0;0;0;0;1,342;-0,333;0;1,213;0;0;0,632;0,426;0;0;0;0
Role of JAK2 in Hormone-like Cytokine Signaling;0;0;0;0;0,447;0;0;0,302;-0,535;0;-0,5;0,258;0,728;0;1,342;0
Adipogenesis pathway;0;0;0,302;0;0,535;-0,354;0;-0,16;0,174;0,522;0;-0,135;0,544;0,447;0,905;1
Transcriptional Regulation by E2F6;0;0;0;0;0;0,447;-0,378;-0,378;0;0,447;-0,447;0,378;0,816;0;0;1,342
The Visual Cycle;0;0;0;0;0;0;0;0;0;0;0;1;1,342;0;1;1
ATM Signaling;0;0;0;0;0,378;0,775;-0,229;0;0;0,5;-1,147;-0,18;-0,392;0;0;-1
Interleukin-20 family signaling;0;0;0;0;-1;0;-0,447;0;0;0;-1;0;-0,447;0;0;0
RHO GTPases activate KTN1;0;0;0;0;0;0;0;0;0;0;-2;0;0;0;0;0
Role of JAK1, JAK2 and TYK2 in Interferon Signaling;0;0;0;0;0;0;0;0;0;0;-2;0;0;0;0;0
Alpha-protein kinase 1 signaling pathway;0;0;0;0;0;0;1,342;0;1;1;0;-0,632;-0,333;0;0;0
Metabolism of folate and pterines;0;0;0;0;0;0,816;0,816;0;1,342;0,816;-0,378;0,378;-0,378;0;0;0
LPS/IL-1 Mediated Inhibition of RXR Function;0;0;0;0;-0,447;0,258;0,728;0,426;0,728;0,229;-0,728;-0,6;-0,426;0;-1;0
Tryptophan catabolism;0;0;0;0;0;0;0;0,447;0,447;0,447;-1;-0,378;-0,816;0;0;0
Activation of Matrix Metalloproteinases;0;0;0;0;0;0,378;0,378;0,707;0,378;0;-1;0;-0,333;0;0;0
Inflammasome pathway;0;0;0;0;0;0,707;0,333;0,905;0,378;0,577;-1,134;-0,333;-0,333;0;0;0
Histidine Degradation III;0;0;0;0;0;0;1;1;0;1;0;0;0;0;0;0
Transcriptional regulation of pluripotent stem cells;0;0;0;0;0;0;0,447;1;0,447;1;0;-0,447;0;0;0;0
FOXO-mediated transcription of cell cycle genes;0;0;0;0;0;0,378;0;1,342;0,816;1,342;-0,378;-0,333;-0,378;0;0;0
Apelin Liver Signaling Pathway;0;0;0;0;0;0,447;0;1,134;0;1;-1;0;-0,333;0;0;0
Triacylglycerol Degradation;0;0;0;0;0;0,447;0,447;1;0,447;1;-0,816;0,333;0;0;0;0
Sonic Hedgehog Signaling;0;0;0;0;0;0,378;0,378;1;0,378;1;-1;0;0,302;0;0;0
NFE2L2 regulating anti-oxidant/detoxification enzymes;0;0;0;0;0;0,378;0,378;0,816;0,378;0,816;-0,378;0;0;0;0;0
Interleukin-1 processing;0;0;0;0;0;0,447;0;1,134;0;0,707;-0,447;0;0;0;0;0
Granzyme B Signaling;0;0;0;0;0;0;0;0;-2;0;0;0,378;0,447;0;0;0
Growth hormone receptor signaling;0;0;0;0;0;0;-0,707;-0,447;-1,134;-0,447;-0,378;0,333;0;0;0;0
Signaling by SCF-KIT;0;0;0;0;0;-0,277;0;0,832;-0,577;0,5;0,277;-0,5;-1,5;0;0;-0,447
D-myo-inositol (1,4,5)-trisphosphate Degradation;0;0;0;0;0;0;0;0;0;0;0;-0,447;-1;0;0;-1
Melanoma Signaling;0;0;0,447;0;0;-0,302;0;0,5;0,5;0,535;0;-0,408;-1,091;0;0;-0,816
CNTF Signaling;0;0;0;0;0;-0,632;0,302;0,775;0;0,277;0;-0,688;-1,091;0;0;-0,816
Processing of Capped Intronless Pre-mRNA;0;0;0;0;0;1;0;0;0,447;0;0;-0,302;-1;0;0;0
Cardiac β-adrenergic Signaling;0;0;-1;0;0;0,471;0,229;0,408;-0,229;0;-0,447;-1,095;-0,962;0;0;-0,447
Signaling by NTRK2 (TRKB);0;0;0;0;0;0;0,378;0,447;0;0,378;-0,378;-0,905;-0,905;0;0;0
Lymphotoxin β Receptor Signaling;0;0;0;0;0;0;-0,333;0;0;-0,333;0;-1,606;-0,775;0;0;0
Ceramide Biosynthesis;0;0;0;0;0;0;0;0;0;0;0;-1;-1;0;0;0
Cardiomyocyte Differentiation via BMP Receptors;0;0;0;0;0;0;0;0;0;0;0;-1,134;-0,816;0;0;0
FAT10 Signaling Pathway;0;0;0;0;0;0;0;0;0;0;0;-1,342;-0,816;0;0;0
Induction of Apoptosis by HIV1;0;0;0,447;0;0;0;-0,535;0,243;-0,277;-0,775;0,535;-0,6;0,5;0;0;1
Phosphatidylglycerol Biosynthesis II (Non-plastidic);0;0;0;0;0;-1;-0,447;0,378;-0,447;-1;0;0,333;0,577;0;0;0
CDP-diacylglycerol Biosynthesis I;0;0;0;0;0;-1;-0,447;0;-0,447;-1;0,378;0,333;0,905;0;0;0
MIF Regulation of Innate Immunity;0;0;0;0;0;-1,265;-1;0,632;-1,265;-0,302;0;0;0,333;0;0;0
MIF-mediated Glucocorticoid Regulation;0;0;0;0;0;-0,707;-0,378;0,333;-0,707;-0,333;-0,378;0;0,378;0;0;0
GM-CSF Signaling;0;0;0;0;-0,378;-0,258;0,243;0,471;0,229;0;-0,471;0;-0,962;0;0,816;0,333
TNFs bind their physiological receptors;0;0;0;0;0;0;-0,378;1,134;0;0,707;0,378;0;0,378;0;-0,447;-0,447
Inhibition of Matrix Metalloproteases;0;0;0;0;1;0,302;-0,632;-0,577;-0,302;0;0,632;0;0;0,447;0;0
Apoptotic execution phase;0;0;0;0;0;-0,378;0;0;0,333;0;0,707;-0,471;0,471;0;-1;0,447
RORA activates gene expression;0;0;0;0;0;0;0;-1;0;-0,378;0;1,134;0,333;0;0;0
Notch Signaling;0;0;0;0;0;0;0;-0,447;-1;-0,378;0,447;0,707;0,707;0;0;0
Nucleotide salvage;0;0;0;0;0;-0,447;-0,447;-0,378;-0,447;0;0,447;1,134;0,816;0;0;0
Signaling by ALK;0;0;0;0;0,447;-0,816;-0,816;-0,378;-0,707;-0,378;0,632;0;0,277;0;0;0
EGR2 and SOX10-mediated initiation of Schwann cell myelination;0;0;0;0;0;-0,707;-0,333;-0,707;-0,378;-0,707;1;0;0,577;0;0;0
Crosstalk between Dendritic Cells and Natural Killer Cells;0;0;0;0;0;-0,577;-0,302;-0,632;0;-0,577;0,333;0,577;0,577;0;0;0
Vasopressin regulates renal water homeostasis via Aquaporins;0;0;0;0;0;-0,447;-0,378;-0,378;0;0;0,707;0,277;0,707;0;0;0
dTMP De Novo Biosynthesis;0;0;0;0;0;0;0;-1,342;0;0;0;0;0;0;0;0
Transcriptional Regulation by NPAS4;0;0;0;0;0;-0,333;-0,333;-1,155;-0,333;-0,5;-0,632;-0,535;0,277;0;0;0
Surfactant metabolism;0;0;1;0;0;0;0;0;0;0;-0,447;0;1;0;0;0
Vitamin D (calciferol) metabolism;0;0;0;0;0;0;0;0;1;0;-0,447;0;0;0;0;0
Rap1 signalling;0;0;0;0;0;0;0;0;1;0;-0,447;-1;-0,447;0;0;0
Carnitine metabolism;0;0;0;0;0;1;-0,447;0,447;0,447;0;0;0;0,378;0;0;0
Vitamin-C Transport;0;0;0;0;0;0,378;0,333;0,378;0;0;0;0,333;0;0;-1;0
Glycogen Biosynthesis II (from UDP-D-Glucose);0;0;0;0;0;0;0;0;0;0;1;0;1;0;0;0
Superpathway of Citrulline Metabolism;0;0;0;0;0;0;0;0;0;0;1;0;0;0;0;0
Leucine Degradation I;0;0;0;0;0;0;0;0;0;0;1;0;0,447;0;0;0
MAPK targets/ Nuclear events mediated by MAP kinases;0;0;0;0;0;-0,816;0;0,378;0;0,378;0;0;0,632;0;0;0
NFE2L2 regulates pentose phosphate pathway genes;0;0;0;0;0;-0,447;0;0;0;0;0,447;1;0,447;0;0;0
Pentose phosphate pathway;0;0;0;0;0;0;0;0;0;0;0;1;0;0;0;0
Prostanoid Biosynthesis;0;0;0;0;0;0;-0,447;0;0;0;0;0,816;0,447;0;0;0
Ceramide Degradation;0;0;0;0;0;0;0;0;0;0;0;0,816;0,447;0;0;0
FOXO-mediated transcription of cell death genes;0;0;0;0;0;0;-0,447;0;-0,447;0;0;0;0;0;0;0
TWEAK Signaling;0;0;0;0;0;0;-0,632;0;-0,333;-0,302;0,333;0;0,333;0;0;0
Glutamate and glutamine metabolism;0;0;0;0;0;0;-1;0;0;0;0;0;0,447;0;0;0
IL-22 Signaling;0;0;0;0;0;0;-1;0;0;0;0,447;0;0,378;0;0;0
NAD biosynthesis II (from tryptophan);0;0;0;0;0;0;-0,447;-0,447;0;-0,447;0;0,447;0;0;0;0
Role of Pattern Recognition Receptors in Recognition of Bacteria and Viruses;0;0;0;0;-0,277;0,258;0;0,218;0,258;0,218;-0,471;0,209;-0,426;0;0;0
Signaling by Leptin;0;0;0;0;0;0;-0,447;0;0;0;0,447;0;0,447;0;0;0
Fatty Acid Activation;0;0;0;0;0;0;0;0;0;0;0,447;0;0,447;0;0;0
Glycogen Degradation II;0;0;0;0;0;0;0;0;0;0;0;0;0,447;0;0;0
Purine Nucleotides De Novo Biosynthesis II;0;0;0;0;0;0;0;0;0;0;0;0;0,816;0;0;0
Urate Biosynthesis/Inosine 5'-phosphate Degradation;0;0;0;0;0;0;0;0;0;0;0;0;0,816;0;0;0
Mitochondrial L-carnitine Shuttle Pathway;0;0;0;0;0;0;0;0;0;0;0,447;0,378;0,816;0;0;0
Pexophagy;0;0;0;0;0;0;0;0;0;0;0;0,378;0,378;0;0;0
Trafficking and processing of endosomal TLR;0;0;0;0;0;0;0;0;0;0;0;0,447;0,816;0;0;0
Cellular hexose transport;0;0;0;0;0;0;0;0;0;0;0;0,447;0,816;0;0;0
Glycogen Degradation III;0;0;0;0;0;0;0;0;0;0;0;0,447;0,816;0;0;0
IL-9 Signaling;0;0;0;0;0;0;0;0,333;-0,378;0,333;0,333;0;-0,302;0;0;0
Signaling by Type 1 Insulin-like Growth Factor 1 Receptor (IGF1R);0;0;0;0;0;0;0;-0,447;0;0;0;0;-0,378;0;0;0
SUMOylation of transcription factors;0;0;0;0;0;0;0;0;0;0;0;-0,447;0;0;0;0
GP1b-IX-V activation signalling;0;0;0;0;0;0;0;0;0;0;0;-0,447;-0,447;0;0;0
SUMOylation of immune response proteins;0;0;0;0;0;0;0;0,447;0;0;0;0;0;0;0;0
nNOS Signaling in Neurons;0;0;0;0;0;0;0;0,447;0;0,447;0;0;0;0;0;0
Sphingosine and Sphingosine-1-phosphate Metabolism;0;0;0;0;0;0;0;0;0;0;0;0,378;0;0;0;0
Epoxysqualene Biosynthesis;0;0;0;0;0;0;0;0;0;0;0;0;0;0;0;0
Chondroitin and Dermatan Biosynthesis;0;0;0;0;0;0;0;0;0;0;0;0;0;0;0;0
NR1D1 (REV-ERBA) represses gene expression;0;0;0;0;0;0;0;0;0;0;0;0;0;0;0;0
GDP-L-fucose Biosynthesis I (from GDP-D-mannose);0;0;0;0;0;0;0;0;0;0;0;0;0;0;0;0
Anandamide Degradation;0;0;0;0;0;0;0;0;0;0;0;0;0;0;0;0
Spermine Biosynthesis;0;0;0;0;0;0;0;0;0;0;0;0;0;0;0;0
Rapoport-Luebering Glycolytic Shunt;0;0;0;0;0;0;0;0;0;0;0;0;0;0;0;0
Mechanisms of Viral Exit from Host Cells;0;0;0;0;0;0;0;0;0;0;0;0;0;0;0;0
N-acetylglucosamine Degradation II;0;0;0;0;0;0;0;0;0;0;0;0;0;0;0;0
Tyrosine Biosynthesis IV;0;0;0;0;0;0;0;0;0;0;0;0;0;0;0;0
Platelet Aggregation (Plug Formation);0;0;0;0;0;0;0;0;0;0;0;0;0;0;0;0
Caveolar-mediated Endocytosis Signaling;0;0;0;0;0;0;0;0;0;0;0;0;0;0;0;0
Melatonin Degradation II;0;0;0;0;0;0;0;0;0;0;0;0;0;0;0;0
Pyruvate Fermentation to Lactate;0;0;0;0;0;0;0;0;0;0;0;0;0;0;0;0
Lactose synthesis;0;0;0;0;0;0;0;0;0;0;0;0;0;0;0;0
CMP-N-acetylneuraminate Biosynthesis I (Eukaryotes);0;0;0;0;0;0;0;0;0;0;0;0;0;0;0;0
Ascorbate Recycling (Cytosolic);0;0;0;0;0;0;0;0;0;0;0;0;0;0;0;0
Prednisone ADME;0;0;0;0;0;0;0;0;0;0;0;0;0;0;0;0
Role of JAK1 and JAK3 in γc Cytokine Signaling;0;0;0;0;0;0;0;0;0;0;0;0;0;0;0;0
Glycine Biosynthesis I;0;0;0;0;0;0;0;0;0;0;0;0;0;0;0;0
Prostate Cancer Signaling;0;0;0;0;0;0;0;0;0;0;0;0;0;0;0;0
Nucleotide Excision Repair Pathway;0;0;0;0;0;0;0;0;0;0;0;0;0;0;0;0
Phagosome Maturation;0;0;0;0;0;0;0;0;0;0;0;0;0;0;0;0
Cleavage and Polyadenylation of Pre-mRNA;0;0;0;0;0;0;0;0;0;0;0;0;0;0;0;0
Putrescine Biosynthesis III;0;0;0;0;0;0;0;0;0;0;0;0;0;0;0;0
Miro GTPase Cycle;0;0;0;0;0;0;0;0;0;0;0;0;0;0;0;0
Tryptophan Degradation to 2-amino-3-carboxymuconate Semialdehyde;0;0;0;0;0;0;0;0;0;0;0;0;0;0;0;0
Maturity Onset Diabetes of Young (MODY) Signaling;0;0;0;0;0;0;0;0;0;0;0;0;0;0;0;0
Selenocysteine Biosynthesis II (Archaea and Eukaryotes);0;0;0;0;0;0;0;0;0;0;0;0;0;0;0;0
Lipoate Biosynthesis and Incorporation II;0;0;0;0;0;0;0;0;0;0;0;0;0;0;0;0
Glucocorticoid Receptor Signaling;0;0;0;0;0;0;0;0;0;0;0;0;0;0;0;0
Tyrosine Degradation I;0;0;0;0;0;0;0;0;0;0;0;0;0;0;0;0
Neurotransmitter uptake and metabolism In glial cells;0;0;0;0;0;0;0;0;0;0;0;0;0;0;0;0
Xenobiotic Metabolism Signaling;0;0;0;0;0;0;0;0;0;0;0;0;0;0;0;0
OAS antiviral response;0;0;0;0;0;0;0;0;0;0;0;0;0;0;0;0
Phenylethylamine Degradation I;0;0;0;0;0;0;0;0;0;0;0;0;0;0;0;0
Acetate Conversion to Acetyl-CoA;0;0;0;0;0;0;0;0;0;0;0;0;0;0;0;0
Cysteine Biosynthesis/Homocysteine Degradation;0;0;0;0;0;0;0;0;0;0;0;0;0;0;0;0
Biotin-carboxyl Carrier Protein Assembly;0;0;0;0;0;0;0;0;0;0;0;0;0;0;0;0
Arginine Degradation I (Arginase Pathway);0;0;0;0;0;0;0;0;0;0;0;0;0;0;0;0
Agranulocyte Adhesion and Diapedesis;0;0;0;0;0;0;0;0;0;0;0;0;0;0;0;0
DNA Double-Strand Break Repair by Homologous Recombination;0;0;0;0;0;0;0;0;0;0;0;0;0;0;0;0
Thiosulfate Disproportionation III (Rhodanese);0;0;0;0;0;0;0;0;0;0;0;0;0;0;0;0
Th1 and Th2 Activation Pathway;0;0;0;0;0;0;0;0;0;0;0;0;0;0;0;0
Granulocyte Adhesion and Diapedesis;0;0;0;0;0;0;0;0;0;0;0;0;0;0;0;0
Formation of lateral plate mesoderm;0;0;0;0;0;0;0;0;0;0;0;0;0;0;0;0
RUNX1 and FOXP3 control the development of regulatory T lymphocytes (Tregs);0;0;0;0;0;0;0;0;0;0;0;0;0;0;0;0
Pentose Phosphate Pathway (Non-oxidative Branch);0;0;0;0;0;0;0;0;0;0;0;0;0;0;0;0
Tight Junction Signaling;0;0;0;0;0;0;0;0;0;0;0;0;0;0;0;0
Circadian Rhythm Signaling;0;0;0;0;0;0;0;0;0;0;0;0;0;0;0;0
Tetrahydrobiopterin Biosynthesis II;0;0;0;0;0;0;0;0;0;0;0;0;0;0;0;0
FasL/ CD95L signaling;0;0;0;0;0;0;0;0;0;0;0;0;0;0;0;0
DNA Double-Strand Break Repair by Non-Homologous End Joining;0;0;0;0;0;0;0;0;0;0;0;0;0;0;0;0
Role of Osteoblasts, Osteoclasts and Chondrocytes in Rheumatoid Arthritis;0;0;0;0;0;0;0;0;0;0;0;0;0;0;0;0
Diphthamide Biosynthesis;0;0;0;0;0;0;0;0;0;0;0;0;0;0;0;0
Role of OCT4 in Mammalian Embryonic Stem Cell Pluripotency;0;0;0;0;0;0;0;0;0;0;0;0;0;0;0;0
Epithelial-Mesenchymal Transition (EMT) during gastrulation;0;0;0;0;0;0;0;0;0;0;0;0;0;0;0;0
GDP-glucose Biosynthesis;0;0;0;0;0;0;0;0;0;0;0;0;0;0;0;0
Gap Junction Signaling;0;0;0;0;0;0;0;0;0;0;0;0;0;0;0;0
Regulation of TP53 Activity through Association with Co-factors;0;0;0;0;0;0;0;0;0;0;0;0;0;0;0;0
Hereditary Breast Cancer Signaling;0;0;0;0;0;0;0;0;0;0;0;0;0;0;0;0
L-dopachrome Biosynthesis;0;0;0;0;0;0;0;0;0;0;0;0;0;0;0;0
β-alanine Degradation I;0;0;0;0;0;0;0;0;0;0;0;0;0;0;0;0
Tetrahydrobiopterin Biosynthesis I;0;0;0;0;0;0;0;0;0;0;0;0;0;0;0;0
Semaphorin Signaling in Neurons;0;0;0;0;0;0;0;0;0;0;0;0;0;0;0;0
Arginine Degradation VI (Arginase 2 Pathway);0;0;0;0;0;0;0;0;0;0;0;0;0;0;0;0
Atherosclerosis Signaling;0;0;0;0;0;0;0;0;0;0;0;0;0;0;0;0
L-glutamine Biosynthesis II (tRNA-dependent);0;0;0;0;0;0;0;0;0;0;0;0;0;0;0;0
Hepatic Fibrosis / Hepatic Stellate Cell Activation;0;0;0;0;0;0;0;0;0;0;0;0;0;0;0;0
D-glucuronate Degradation I;0;0;0;0;0;0;0;0;0;0;0;0;0;0;0;0
Airway Pathology in Chronic Obstructive Pulmonary Disease;0;0;0;0;0;0;0;0;0;0;0;0;0;0;0;0
Clathrin-mediated Endocytosis Signaling;0;0;0;0;0;0;0;0;0;0;0;0;0;0;0;0
D-mannose Degradation;0;0;0;0;0;0;0;0;0;0;0;0;0;0;0;0
Protein Ubiquitination Pathway;0;0;0;0;0;0;0;0;0;0;0;0;0;0;0;0
Oxidized GTP and dGTP Detoxification;0;0;0;0;0;0;0;0;0;0;0;0;0;0;0;0
NADH Repair;0;0;0;0;0;0;0;0;0;0;0;0;0;0;0;0
Threonine catabolism;0;0;0;0;0;0;0;0;0;0;0;0;0;0;0;0
Pentose Phosphate Pathway (Oxidative Branch);0;0;0;0;0;0;0;0;0;0;0;0;0;0;0;0
Myo-inositol Biosynthesis;0;0;0;0;0;0;0;0;0;0;0;0;0;0;0;0
Ephrin A Signaling;0;0;0;0;0;0;0;0;0;0;0;0;0;0;0;0
Phenylalanine Degradation I (Aerobic);0;0;0;0;0;0;0;0;0;0;0;0;0;0;0;0
Role of MAPK Signaling in the Pathogenesis of Influenza;0;0;0;0;0;0;0;0;0;0;0;0;0;0;0;0
Pregnenolone Biosynthesis;0;0;0;0;0;0;0;0;0;0;0;0;0;0;0;0
Sucrose Degradation V (Mammalian);0;0;0;0;0;0;0;0;0;0;0;0;0;0;0;0
NGF processing;0;0;0;0;0;0;0;0;0;0;0;0;0;0;0;0
GDP-mannose Biosynthesis;0;0;0;0;0;0;0;0;0;0;0;0;0;0;0;0
Urea Cycle;0;0;0;0;0;0;0;0;0;0;0;0;0;0;0;0
Serine Biosynthesis;0;0;0;0;0;0;0;0;0;0;0;0;0;0;0;0
Arsenate Detoxification I (Glutaredoxin);0;0;0;0;0;0;0;0;0;0;0;0;0;0;0;0
Axonal Guidance Signaling;0;0;0;0;0;0;0;0;0;0;0;0;0;0;0;0
Role of IL-17A in Arthritis;0;0;0;0;0;0;0;0;0;0;0;0;0;0;0;0
N-acetylglucosamine Degradation I;0;0;0;0;0;0;0;0;0;0;0;0;0;0;0;0
Salvage Pathways of Pyrimidine Deoxyribonucleotides;0;0;0;0;0;0;0;0;0;0;0;0;0;0;0;0
Iron homeostasis signaling pathway;0;0;0;0;0;0;0;0;0;0;0;0;0;0;0;0
Regulation of the Epithelial-Mesenchymal Transition Pathway;0;0;0;0;0;0;0;0;0;0;0;0;0;0;0;0
Glutathione Redox Reactions II;0;0;0;0;0;0;0;0;0;0;0;0;0;0;0;0
Folate Polyglutamylation;0;0;0;0;0;0;0;0;0;0;0;0;0;0;0;0
Cellular Effects of Sildenafil (Viagra);0;0;0;0;0;0;0;0;0;0;0;0;0;0;0;0
Antigen Presentation Pathway;0;0;0;0;0;0;0;0;0;0;0;0;0;0;0;0
Role of Macrophages, Fibroblasts and Endothelial Cells in Rheumatoid Arthritis;0;0;0;0;0;0;0;0;0;0;0;0;0;0;0;0
Regulation of NFE2L2 gene expression;0;0;0;0;0;0;0;0;0;0;0;0;0;0;0;0
Reversible hydration of carbon dioxide;0;0;0;0;0;0;0;0;0;0;0;0;0;0;0;0
Reelin signalling pathway;0;0;0;0;0;0;0;0;0;0;0;0;0;0;0;0
rRNA processing;0;0;0;0;0;0;0;0;0;0;0;0;0;0;0;0
Virus Entry via Endocytic Pathways;0;0;0;0;0;0;0;0;0;0;0;0;0;0;0;0
2-ketoglutarate Dehydrogenase Complex;0;0;0;0;0;0;0;0;0;0;0;0;0;0;0;0
Spermidine Biosynthesis I;0;0;0;0;0;0;0;0;0;0;0;0;0;0;0;0
Neurotransmitter receptors and postsynaptic signal transmission;0;0;0;0;0;0;0;0;0;0;0;0;0;0;0;0
Spermine and Spermidine Degradation I;0;0;0;0;0;0;0;0;0;0;0;0;0;0;0;0
Airway Inflammation in Asthma;0;0;0;0;0;0;0;0;0;0;0;0;0;0;0;0
Parkinson's Signaling;0;0;0;0;0;0;0;0;0;0;0;0;0;0;0;0
Germ Cell-Sertoli Cell Junction Signaling;0;0;0;0;0;0;0;0;0;0;0;0;0;0;0;0
Choline catabolism;0;0;0;0;0;0;0;0;0;0;0;0;0;0;0;0
4-aminobutyrate Degradation I;0;0;0;0;0;0;0;0;0;0;0;0;0;0;0;0
L-cysteine Degradation III;0;0;0;0;0;0;0;0;0;0;0;0;0;0;0;0
