Canonical Pathways;e01=IOX.3/C;e04=IOX1/C;e06=T4/C;e09=T4IOX.3/C;e10=T4IOX1/C;e02=T4IOX.3/T4;e05=T4IOX1/T4
Eukaryotic Translation Initiation;0;0;2;2;2;0;0
SRP-dependent cotranslational protein targeting to membrane;0;0;1;2,12;2,53;0;0
Response of EIF2AK4 (GCN2) to amino acid deficiency;0;0;2,45;2,65;2,83;0;0
Major pathway of rRNA processing in the nucleolus and cytosol;0;0;-0,82;0;-0,63;0;-1
Selenoamino acid metabolism;0;0;1,13;0,38;0,38;0;0
Nonsense-Mediated Decay (NMD);0;0;0;0;0;0;0
Eukaryotic Translation Termination;0;0;0;0;0;0;0
Eukaryotic Translation Elongation;0;0;0;0;0;0;0
Oxidative Phosphorylation;0;0;-1;0;-1,41;0;0
Electron transport, ATP synthesis, and heat production by uncoupling proteins;0;0;0;-0,38;-2,32;0;-2,24
EIF2 Signaling;0;0;-1;-0,21;-0,82;0;-0,33
Mitochondrial translation;0;0;0;0;0;0;0
Processing of Capped Intron-Containing Pre-mRNA;0;0;0,3;-0,73;-1,09;0;0
Neutrophil degranulation;0;0,82;-2,46;-1,76;-1,25;0,45;1,92
Mitotic Metaphase and Anaphase;0;0;-2,47;-3,02;-3,75;-1,34;-1,53
Cell Cycle Checkpoints;0;0;-1,98;-3,05;-4,54;-0,38;-2,71
Mitotic G2-G2/M phases;0;0;-2,79;-2,27;-2,8;0;1,41
Synthesis of DNA;0;0;-1,13;-2,84;-3,27;0;-1,27
Regulation of mitotic cell cycle;0;0;-1;-2,11;-1,89;0;0
Mitochondrial Dysfunction;0;0;-1,16;-2,71;-1,34;0;-0,24
Granzyme A Signaling;0;0;1,89;0,63;1,07;0;0
Coronavirus Pathogenesis Pathway;0;0;2,12;2,33;2,53;0;1,53
Elastic fibre formation;0;0;0,21;0;0,63;0;2,45
Collagen biosynthesis and modifying enzymes;0;0;1,35;1,3;3,24;1;3,36
Collagen degradation;0;0;1,15;1,34;1,96;0;1,13
Extracellular matrix organization;0;0;1,64;1,44;2,02;0;2,67
GP6 Signaling Pathway;0;0;0,19;0,54;1,76;0;2,67
Assembly of collagen fibrils and other multimeric structures;0;0;0,41;0,41;2,92;0;2,33
Collagen chain trimerization;0;0;1;1;2,4;0;2,45
Integrin cell surface interactions;0;0;2,65;2,34;2,83;0;2,71
Syndecan interactions;0;0;2,11;2,5;2,5;0;0
Macrophage Classical Activation Signaling Pathway;0;0;2,45;2,45;2,41;0;0,69
Pulmonary Fibrosis Idiopathic Signaling Pathway;0;0;2,78;2,92;4,33;0;3,09
Tumor Microenvironment Pathway;0;0;2,71;3,21;3,41;0;1,8
IL-17A Signaling in Fibroblasts;0;0;2,71;3,41;3,21;0;2,07
Pathogen Induced Cytokine Storm Signaling Pathway;0;0;2,32;2,08;3,22;0;1,83
IL-17 Signaling;0;0;2,06;2,14;3,4;0;1,21
Wound Healing Signaling Pathway;0;0;2,14;2,79;3,58;0;1,73
XBP1(S) activates chaperone genes;0;0;1,29;1,41;2,32;0;2,65
Paxillin Signaling;0;0;-0,5;1,09;1,04;0;1,67
Regulation of the Epithelial Mesenchymal Transition by Growth Factors Pathway;0;0;0,75;0,87;1,24;0;0,94
Signaling by PDGF;0;0;0,45;0,23;1,53;0;1
Transcriptional activity of SMAD2/SMAD3:SMAD4 heterotrimer;0;0;2,14;2,5;1,29;0;1,34
Human Embryonic Stem Cell Pluripotency;0;0;1,34;1,36;1,87;0;1,34
Hepatic Fibrosis Signaling Pathway;0;0,38;0,88;1,24;2,42;1;2,47
Role of Osteoclasts in Rheumatoid Arthritis Signaling Pathway;0;0;0,87;1,07;1,63;0;2,45
Post-translational protein phosphorylation;0;0;1,67;1,06;2,79;0;2,33
Regulation of Insulin-like Growth Factor (IGF) transport and uptake by IGFBPs;0;0;1,98;1,37;3,05;0;2,33
TNF signaling;0;0;2,71;2,11;2,67;0;0
ABRA Signaling Pathway;0;0;2,04;2,79;2,79;0;1,89
Unfolded protein response;0;0;1,71;2,86;2,84;0;1,63
Ceramide Signaling;0;0;1,6;2,07;3,41;0;1,9
Cell junction organization;0;0;1,81;2,56;3,4;0;1,67
Actin Cytoskeleton Signaling;0;0;0,6;2,29;2,47;0;2,11
Thyroid Cancer Signaling;0;0;1,39;2,07;2,52;0;1,67
Role of IL-17F in Allergic Inflammatory Airway Diseases;0;0;2,83;3;2,89;0;0
Ephrin Receptor Signaling;0;0;1,53;2,96;2,48;0;2,14
RAC Signaling;0;0;1,61;2,19;2,56;0;1,73
Actin Nucleation by ARP-WASP Complex;0;0;2,14;2,83;2,32;0;0,82
CGAS-STING Signaling Pathway;0;0;2,89;2,35;2,12;0;0,83
tRNA Charging;0;0;3,05;2,84;2,5;0;1
Response of EIF2AK1 (HRI) to heme deficiency;0;0;3;3,16;3,16;0;0
PI3K/AKT Signaling;0;0;2,84;3,66;2,75;0;1,07
MSP-RON Signaling in Cancer Cells Pathway;0;0;2,13;3,77;3,29;0;2,32
ERK5 Signaling;0;0;2;3,44;2,98;0;1,67
Role of Chondrocytes in Rheumatoid Arthritis Signaling Pathway;0;0;1,12;1,44;1,51;0;0,26
Cell surface interactions at the vascular wall;0;0;0,93;1,03;1,22;0;0,83
HER-2 Signaling in Breast Cancer;0;0;0,63;1,47;2,14;0;1,46
IL-33 Signaling Pathway;0;0;1,13;1,51;2,08;0;0,91
STAT3 Pathway;0;0;0,63;0,96;1,26;0;2,11
Generic Transcription Pathway;0;0;1,81;1,36;2,39;0;1,81
NCAM signaling for neurite out-growth;0;0;1,07;1,41;1,53;0;2
Interleukin-10 signaling;0;0;1,5;1,29;1,7;0;1,63
Breast Cancer Regulation by Stathmin1;0;0;1,28;0,7;2,55;0,45;1,27
Transcriptional Regulatory Network in Embryonic Stem Cells;0;0;1,06;1,54;1,95;0;0,83
BMP signaling pathway;0;0;0,69;0,85;1,8;0;1,89
Role of Tissue Factor in Cancer;0;0;0,71;1,31;1,17;0;1,88
Cancer Drug Resistance by Drug Efflux;0;0;0,3;1,6;2,14;0;0,71
Endometrial Cancer Signaling;0;0;0,38;1,39;1,16;0;0,82
Hypoxia Signaling in the Cardiovascular System;0;0;0,45;1;1,41;0;0,45
Regulation of eIF4 and p70S6K Signaling;0;0;1;2;1,07;0;0,71
Apelin Endothelial Signaling Pathway;0;0;0,96;1,26;1,52;0;0,94
PDGF Signaling;0;0;0,47;1,35;1;0;0,78
Cargo concentration in the ER;0;0;1,41;1,9;2,11;0;0
COPII-mediated vesicle transport;0;0;1,27;1,6;2;0;0
Role of Hypercytokinemia/hyperchemokinemia in the Pathogenesis of Influenza;0;0;1,9;1,27;0,73;0;-1,94
Role of RIG1-like Receptors in Antiviral Innate Immunity;0;0;2;2;0,71;0;-0,45
Transcriptional Regulation by MECP2;0;0;1,51;1,51;1,51;0;0
Asparagine N-linked glycosylation;0;0;1;1,39;0,91;0;0
Role of PKR in Interferon Induction and Antiviral Response;0;0;1,8;1,18;1,22;0;-0,78
Neuroinflammation Signaling Pathway;0;0;1;1,79;1,23;0;0,43
NOD1/2 Signaling Pathway;0;0;2,34;1,92;1,94;0;0,83
IL-12 Signaling and Production in Macrophages;0;0;2,33;2,27;1,94;0;0,58
TAK1-dependent IKK and NF-kappa-B activation;0;0;2,65;1,67;1,51;0;0
ATF6 (ATF6-alpha) activates chaperone genes;0;0;1,89;1,89;1,89;0;0
p53 Signaling;0;0;1,7;1,79;1,34;0;0,33
Endoplasmic Reticulum Stress Pathway;0;0;2,12;2,65;2,65;0;0
Cell Cycle: G2/M DNA Damage Checkpoint Regulation;0;0;2,5;2,67;2,5;0;0,45
Antioxidant Action of Vitamin C;0;0;2,24;2,52;1,53;0;-0,38
Unfolded Protein Response (UPR);0;0;2,65;2,83;2,33;0;0
TREM1 Signaling;0;0;2,31;1,94;1,6;0;0,38
Regulation of Cellular Mechanics by Calpain Protease;0;0;1,41;1,94;2,11;0;1
Bladder Cancer Signaling;0;0;1,34;2,33;2,53;0;0,45
Effects of PIP2 hydrolysis;0;0;1,34;2;2,24;0;0
UDP-N-acetyl-D-glucosamine Biosynthesis II;0;0;1,63;2,24;2,24;0;0
Oncostatin M Signaling;0;0;1,67;2,11;2,11;0;0,38
Role of IL-17A in Psoriasis;0;0;1,63;2;2,24;0;0
NGF-stimulated transcription;0;0;1,73;1,94;2,5;0;0
Transcriptional regulation by RUNX3;0;0;2,5;2,36;2,36;0;0
Class I MHC mediated antigen processing and presentation;0;0;2,6;2,52;1,54;0;-0,24
C-type lectin receptors (CLRs);0;0;2,18;1,7;1,88;0;1,89
Hedgehog ligand biogenesis;0;0;2,45;2,65;1,51;0;0
KEAP1-NFE2L2 pathway;0;0;2,71;3,05;2;0;0
RNA Polymerase II Transcription;0;0;1,94;2;1,51;0;0
E3 ubiquitin ligases ubiquitinate target proteins;0;0;2,33;2,33;1,94;0;0
RIPK1-mediated regulated necrosis;0;0;2,53;2,71;1,73;0;0
Interleukin-1 family signaling;0;0;1,29;0,94;1,35;0;-1,13
Deubiquitination;0;0;1,26;1,12;1,51;0;-1,07
PTEN Regulation;0;0;1;1,94;0;0;-2
Macroautophagy;0;0;2;0;1,9;0;-0,45
Microautophagy Signaling Pathway;0;0;1,73;1,73;0,94;0;0
TNFR2 non-canonical NF-kB pathway;0;0;1;1,41;0,58;0;0
NIK-->noncanonical NF-kB signaling;0;0;2;2;0,63;0;0
Metabolism of polyamines;0;0;1,89;1,89;1,27;0;0
TCR signaling;0;0;1,67;1,27;1,16;0;0
Signaling by the B Cell Receptor (BCR);0;0;1,39;0,83;1,41;0;0
Mitochondrial protein import;0;0;1;-0,38;0,63;0;0
Signaling by NOTCH4;0;0;0;0,63;0,54;0;0
Signaling by ROBO receptors;0;0;0;0,78;0,21;0;1,34
Cellular response to hypoxia;0;0;0,45;1;0,71;0;1,34
Transcriptional regulation by RUNX1;0;0;0,26;-0,23;0;0;-0,45
Neddylation;0;0;0,17;-0,17;-0,45;0;-1
ABC-family proteins mediated transport;0;0;0,58;0;0,22;0;-0,71
Regulation of RUNX2 expression and activity;0;0;0,82;0,38;0,3;0;0
Regulation of Apoptosis;0;0;0;0;0;0;0
Hedgehog 'on' state;0;0;0,3;0;-0,26;0;0
LXR/RXR Activation;0;0;-2,24;-1,63;-0,96;0;0
Neutrophil Extracellular Trap Signaling Pathway;0;0;-1,66;-1,5;-1,69;2;-0,39
Mitotic Prometaphase;0;0;-3,83;-3,36;-4,46;-1;-1,15
RHO GTPases Activate Formins;0;0;-2,61;-2,8;-2,95;0;-0,23
Kinesins;0;0;-3,64;-3,64;-3;0;0,38
MHC class II antigen presentation;0;0;-3,92;-2,86;-1,8;0;-0,3
Apoptosis Signaling;0;0;-2,84;-3,78;-3,66;0;-0,82
Activation of gene expression by SREBF (SREBP);0;0;-4,12;-3,77;-3,15;0;0
Superpathway of Cholesterol Biosynthesis;0;0;-4,12;-3,87;-4,36;0;0
Cholesterol biosynthesis;0;0;-4;-4;-3,87;0;0
CLEAR Signaling Pathway;0;-1;-1,39;-1,41;-0,88;0;0,21
Activation of the pre-replicative complex;0;0;0;-2,83;-3,32;0;-2,24
Nucleosome assembly;0;0;-0,71;-2,71;-2,31;0;-1,34
PPAR Signaling;0;0;-1,88;-1,89;-2,34;0;-1,27
PPARα/RXRα Activation;0;0;-2,34;-2,4;-2,21;0;-1,6
RHOGDI Signaling;0;0;-1,26;-1,95;-1,98;0;-1,41
PTEN Signaling;0;0;0,43;-1,67;-0,93;0;-2,11
Kinetochore Metaphase Signaling Pathway;0;0;-0,89;-1,79;-2,19;0;-2,83
Mitochondrial biogenesis;0;0;-1,51;-1,81;-1,81;0;-1,89
Cyclins and Cell Cycle Regulation;0;0;-1,81;-1,81;-2,32;0;-1,34
Peroxisomal protein import;0;0;-1,51;-0,71;-3,64;0;0
Assembly and cell surface presentation of NMDA receptors;0;0;-1,73;-0,71;-1,27;0;2,24
Gap junction trafficking and regulation;0;0;-1,89;-1;-1;0;2
G alpha (12/13) signalling events;0;0;-1,7;-1,18;-0,21;0;2,24
The citric acid (TCA) cycle and respiratory electron transport;0;0;-1,41;-0,58;-0,78;1;1,41
NR1H2 and NR1H3-mediated signaling;0;0;-1,9;-2,33;-1,07;0;2,24
Neurovascular Coupling Signaling Pathway;0;0;-2;-1,95;-0,8;0;2,33
Opioid Signalling;0;0;-2,07;-2,4;-0,85;0;1,89
Integration of energy metabolism;0;0;-1,81;-2,32;-1,27;0;2
RNA Polymerase I Transcription;0;0;-0,63;-1,67;-1,27;0;0
Cilium Assembly;0;0;-2,56;-1,15;-2,04;0;0
Activation of NMDA receptors and postsynaptic events;0;0;-1,73;-1;-1,9;0;1,34
DNA Damage Bypass;0;0;-0,63;-0,63;-1,51;0;0
HDR through Homologous Recombination (HRR) or Single Strand Annealing (SSA);0;0;-0,54;-0,3;-1,21;0;0
Nitric Oxide Signaling in the Cardiovascular System;0;0;-1,23;-1,18;-0,93;0;0
Synaptic Long Term Depression;0;0;-1,41;-0,34;-0,82;0;0
HSP90 chaperone cycle for steroid hormone receptors in the presence of ligand;0;0;-2,71;-1,89;-1,67;0;0
RHO GTPases activate IQGAPs;0;0;-2,33;-1,63;-1,89;0;0
Carboxyterminal post-translational modifications of tubulin;0;0;-2,53;-1,63;-2,12;0;1,34
Iron uptake and transport;0;0;-1,81;-1,16;-2,84;0;0
Cellular response to heat stress;0;0;-1,39;-1,6;-1,41;0;-0,82
DHCR24 Signaling Pathway;0;0;-2,61;-1,9;-0,67;0;0,26
Orexin Signaling Pathway;0;0;-2,53;-2,03;-1,94;-1;-0,47
Adrenergic Receptor Signaling Pathway (Enhanced);0;0;-1,76;-1,3;-2,03;0;-0,26
RAR Activation;0;0;-2,13;-2,22;-1,85;0;-0,18
SNARE Signaling Pathway;0;0;-2,4;-2,45;-1,89;0;0,45
Fatty Acid β-oxidation I;0;0;-1,63;0;-3;0;0
Ketogenesis;0;0;-2;0;-2,45;0;0
Peroxisomal lipid metabolism;0;0;-2;0;-2,83;0;0
Noradrenaline and Adrenaline Degradation;0;0;-2,12;-1,67;-1,67;0;0
FXR/RXR Activation;0;0;-2,54;-1,76;-2,08;0;-0,83
Cardiac conduction;0;0;-2,24;-2,56;-1,96;0;0
Ethanol Degradation II;0;0;-2,83;-2,33;-2,33;0;0
Serotonin Degradation;0;0;-2,53;-2,11;-1,9;0;0
Cell Cycle Control of Chromosomal Replication;0;0;-2,14;-2,67;-3,13;0;-0,38
Mitotic Roles of Polo-Like Kinase;0;0;-2,53;-2,11;-3,21;0;-1
Resolution of Abasic Sites (AP sites);0;0;-2,33;-2,11;-2,12;0;0
Ethanol Degradation IV;0;0;-2,83;-2,53;-1,9;0;0
Bile Acid Biosynthesis, Neutral Pathway;0;0;-2;-2,24;-2,24;0;0
Bile acid and bile salt metabolism;0;0;-1,51;-1,39;-2,18;0;-1
BER (Base Excision Repair) Pathway;0;0;-2,11;-1,81;-2,71;0;0
Valine Degradation I;0;0;-1,63;-1,34;-1,89;0;0
Phase I - Functionalization of compounds;0;0;-2,32;-2,18;-2,98;0;0,82
Glycerophospholipid biosynthesis;0;0;-2,99;-2,65;-3,14;0;0,71
O-linked glycosylation;0;0;-2,34;-2,96;-3;0;0
Phospholipases;0;0;-2,84;-2,84;-2,14;0;0
Superpathway of Geranylgeranyldiphosphate Biosynthesis I (via Mevalonate);0;0;-2,83;-2,45;-3;0;0
Mevalonate Pathway I;0;0;-2,65;-2,24;-2,83;0;0
Cholesterol Biosynthesis II (via 24,25-dihydrolanosterol);0;0;-3;-3;-3,16;0;0
Cholesterol Biosynthesis I;0;0;-3;-3;-3,16;0;0
Cholesterol Biosynthesis III (via Desmosterol);0;0;-3;-3;-3,16;0;0
Gamma carboxylation, hypusine formation and arylsulfatase activation;0;0;-1;-1,27;-2,45;0;0
Metabolism of cofactors;0;0;-1,63;-2;-2,45;0;0
Ketolysis;0;0;0;0;-2,45;0;0
TCA Cycle II (Eukaryotic);0;0;0;0;-1,34;0;0
Xenobiotic Metabolism CAR Signaling Pathway;0;0;-1,35;-1,62;-0,35;0;0,63
Sperm Motility;0;0;-2,19;-1,89;-1,1;0;-0,3
Glutathione Redox Reactions I;0;0;-1,34;-1,34;0;0;0
Oleate Biosynthesis II (Animals);0;0;-2,24;-2,24;0;0;0
D-myo-inositol (1,4,5)-Trisphosphate Biosynthesis;0;0;-1,34;-2,65;0;0;0
Stearate Biosynthesis I (Animals);0;0;-1,13;-2,45;-1,41;0;0
Apelin Cardiac Fibroblast Signaling Pathway;0;0;-1,27;-0,91;-1,27;0;0
WNK Renal Signaling Pathway;0;0;-1,6;-1,07;-1,5;0;0,82
Neurotransmitter clearance;0;0;-2;-2;-1,34;0;0
Fatty acyl-CoA biosynthesis;0;0;-1,89;-1,63;-1,89;0;0
SUMOylation of DNA replication proteins;0;0;-1,89;-1,63;-2,11;0;0
Eicosanoid Signaling;0;0;-1,41;-1,13;-1,41;0;0
Isoleucine Degradation I;0;0;-1,34;0;-1,89;0;0
Glutaryl-CoA Degradation;0;0;-1;0;-1,89;0;0
Tryptophan Degradation III (Eukaryotic);0;0;-1,34;0;-1,9;0;0
DAG and IP3 signaling;0;0;-1,73;-1,94;-1,39;0;0,82
Neuropathic Pain Signaling in Dorsal Horn Neurons;0;0;-1,96;-1,53;-0,82;0;0,91
Glutathione-mediated Detoxification;0;0;-1,13;-1,13;-0,82;0;0
Gene and protein expression by JAK-STAT signaling after IL-12 stimulation;0;0;-1,13;-1,27;-1,27;0;0
Branched-chain amino acid catabolism;0;0;-1,63;-1,34;-1,34;0;0
Sphingolipid metabolism;0;0;-2;-1,61;-1,71;0;0
Complement System;0;0;-1;-1,51;-1,63;0;0
Signaling by Retinoic Acid;0;0;-1,41;-1,41;-0,63;0;0
Dopamine Degradation;0;0;-1,89;-1,41;-1,41;0;0
Histamine Degradation;0;0;-2;-1,63;-1,63;0;0
Glutamate binding, activation of AMPA receptors and synaptic plasticity;0;0;-1,41;-1,41;-1,41;0;0
Putrescine Degradation III;0;0;-1,41;-0,71;-0,71;0;0
Tryptophan Degradation X (Mammalian, via Tryptamine);0;0;-1,63;-1,13;-1,13;0;0
Fatty Acid α-oxidation;0;0;-1,63;-1,13;-1,13;0;0
Myelination Signaling Pathway;0;2,45;-0,66;0,21;0,64;0,82;1,83
HIF1 alpha Signaling;0;2,24;0;0,94;1,89;1;3,05
Gluconeogenesis I;0;2,45;0;2,24;1,89;2,45;2,45
Glycolysis I;0;2,65;-1,34;1,89;2,71;2,65;3,16
Intra-Golgi and retrograde Golgi-to-ER traffic;0;0;-2,12;-1,62;-0,48;0;1,27
DNA Replication Pre-Initiation;0;0;1;-1,67;-2,24;0;-1,41
S Phase;0;0;-0,63;0;-1;0;0
Mitotic G1 phase and G1/S transition;0;0;-0,89;-1,34;-1,73;0;-0,63
Aggrephagy;0;0;-1,63;0;-1,34;0;1
Protein folding;0;0;-0,91;0;-0,5;0;1,63
Degradation of beta-catenin by the destruction complex;0;0;-0,82;-0,82;0,3;0;0
TCF dependent signaling in response to WNT;0;0;-0,66;-1,13;-0,18;0;1,41
Hedgehog 'off' state;0;0;-1,51;-0,58;-0,3;0;-0,45
Detoxification of Reactive Oxygen Species;0;0;-1,41;-0,33;0,71;0;0
Serotonin Receptor Signaling;0;0;-2,16;-1,8;-0,67;0;1,86
RHO GTPase cycle;0;0;-2,09;-1,16;0,72;0;3,02
S100 Family Signaling Pathway;0;0,38;-1,03;-1,05;0,79;-0,71;2,19
Molecular Mechanisms of Cancer;0;-0,38;-1,22;-1,54;0,46;-1;2,69
HOTAIR Regulatory Pathway;0;0;-0,78;-0,52;0,69;0;2,14
Chronic Myeloid Leukemia Signaling;0;0;-1,27;-1,4;0,24;0;2,27
Plasma lipoprotein assembly, remodeling, and clearance;0;0;-1,16;-1;0,23;0;2,11
Retinoate Biosynthesis I;0;0;0;0;-1;0;0
Retinoid metabolism and transport;0;0;-1;-1,9;-0,83;0;-1,34
Pyrimidine Deoxyribonucleotides De Novo Biosynthesis I;0;0;-1,34;0;0;0;0
Interconversion of nucleotide di- and triphosphates;0;0;-1,63;-0,45;0,45;0;2
p75 NTR receptor-mediated signalling;0;0;-1,04;-0,9;0,54;0;2,45
Cardiac Hypertrophy Signaling;0;0;-1,51;-1,13;0;0;1,41
Xenobiotic Metabolism General Signaling Pathway;0;0;-1,28;-0,56;0,37;0;0,91
Beta-catenin independent WNT signaling;0;0;-0,69;-0,82;-0,19;0;1,13
G-Protein Coupled Receptor Signaling;0;-0,45;-1,68;-1,53;-0,35;-0,33;1,61
Signaling by NOTCH1;0;0;-0,24;-0,43;0,82;0;1,67
D-myo-inositol-5-phosphate Metabolism;0;0;-0,6;0,2;0,96;0;2,53
3-phosphoinositide Biosynthesis;0;0;-0,63;0;0,35;0;1,94
Signaling by NOTCH3;0;0;-0,63;-0,91;0,26;0;1,34
Superpathway of Inositol Phosphate Compounds;0;0;-1,1;-1,03;0,33;0;1,81
Melatonin Signaling;0;0;-0,78;-0,78;0,24;0;0,71
Huntington's Disease Signaling;0;0;-1,34;-1,23;0;0;1,13
Amino acids regulate mTORC1;0;0;0,45;0;-1,63;0;-1
RHO GTPases activate CIT;0;0;-1;-0,82;-1,34;0;0
mRNA Capping;0;0;0;0;0;0;0
MyD88:MAL(TIRAP) cascade initiated on plasma membrane;0;0;-0,45;-1,13;-0,38;0;0
Nucleotide Excision Repair;0;0;-0,26;-0,24;-0,94;0;0
Late endosomal microautophagy;0;0;0;0;0;0;0
Chaperone Mediated Autophagy;0;0;0;0;0;0;0
B-WICH complex positively regulates rRNA expression;0;0;0,45;-1,13;-0,71;0;0
MTOR signalling;0;0;0;0;-1;0;0
Cristae formation;0;0;0;0;-1;0;0
Amyloid fiber formation;0;0;0,82;0;0,3;0;0,45
Endosomal Sorting Complex Required For Transport (ESCRT);0;0;0;0;1;0;0
Transcriptional regulation of white adipocyte differentiation;0;0;-0,45;-0,23;0,22;0;0,63
Signaling by NOTCH2;0;0;-0,45;0;0,3;0;0
Signaling by ERBB4;0;0;-0,3;-0,3;0,26;0;-1
NER (Nucleotide Excision Repair, Enhanced Pathway);0;0;-0,58;-0,28;-0,3;0;0
RNA Polymerase III Transcription;0;0;-0,82;-1;0;0;0
Necroptosis Signaling Pathway;0;0;-0,37;-0,87;-0,34;0;0
Response to elevated platelet cytosolic Ca2+;0;0;0,51;1,33;1,3;0;3,05
Cachexia Signaling Pathway;0;0;0,84;0,69;1,39;0;1,63
RHOA Signaling;0;0;-0,43;0,37;1,8;0;1,63
Sertoli Cell-Sertoli Cell Junction Signaling;0;0;-0,44;1,72;1,66;0;2,84
Signaling by VEGF;0;0;0;0;1,57;0;2,53
Signaling by Rho Family GTPases;0;0;-0,15;0,56;1,54;0;2,83
CXCR4 Signaling;0;0;0,19;0,54;0,87;0;1,15
ILK Signaling;0;0;0,35;0,48;0,42;0;1,15
Senescence-Associated Secretory Phenotype (SASP);0;0;1,16;0,83;1,53;0;2,12
IL-8 Signaling;0;0;0,95;1;1,11;0;1,89
Regulation of Actin-based Motility by Rho;0;0;0,78;1,15;1,21;0;1,89
Oxytocin Signaling Pathway;0;0;0;0,25;0,72;-2;1,28
NRF2-mediated Oxidative Stress Response;0;0;-0,21;0,96;1,26;0;1,7
RAF/MAP kinase cascade;0;0;0,75;0,43;1,25;0;2,14
Fc epsilon receptor (FCERI) signaling;0;0;0;-1;0,89;0;1
G Beta Gamma Signaling;0;0;0,78;1,71;0,63;-1;0,82
Mitophagy;0;0;0;2;1,34;0;0
Signaling by ERBB2;0;0;0,63;0,91;0,83;0;0
RAB GEFs exchange GTP for GDP on RABs;0;0;-0,58;0;0,69;0;1,63
Clathrin-mediated endocytosis;0;0;-0,22;1;1,4;0;2
Agrin Interactions at Neuromuscular Junction;0;0;-1;1,07;0,78;0;1,63
Estrogen Receptor Signaling;0;-1;-0,67;1,02;1,21;0;1,22
3-phosphoinositide Degradation;0;0;0;1,09;1;0;2,33
D-myo-inositol (3,4,5,6)-tetrakisphosphate Biosynthesis;0;0;0;1,34;1;0;2,33
D-myo-inositol (1,4,5,6)-Tetrakisphosphate Biosynthesis;0;0;0;1,34;1;0;2,33
Phase II - Conjugation of compounds;0;0;0,45;0,45;-1,63;0;0
Interferon alpha/beta signaling;0;0;0,38;-0,91;-1,5;0;-3,05
Assembly of RNA Polymerase II Complex;0;0;1;1,34;0;0;0
TP53 Regulates Metabolic Genes;0;0;1,16;2,14;0,24;0;0
Regulation of TP53 Activity through Phosphorylation;0;0;1;1,29;-0,89;0;-2,24
Interferon Signaling;0;0;0,45;0,38;-0,63;0;-2,33
Signaling by Insulin receptor;0;0;1,13;0,71;-0,33;0;-1
Interferon gamma signaling;0;0;0,73;0,94;0,22;0;-2,11
ISG15 antiviral mechanism;0;0;1,63;0,71;-0,26;0;-3,16
ISGylation Signaling Pathway;0;0;1,07;1;-0,47;0;-1,6
FAK Signaling;0;-1,34;-0,97;-0,1;0,68;0;2,4
Sumoylation Pathway;0;0;-0,22;0,43;-0,41;0;0
Amyotrophic Lateral Sclerosis Signaling;0;0;-0,69;-1,04;0,21;0;1,63
Transport of inorganic cations/anions and amino acids/oligopeptides;0;0;-0,38;-0,38;0;0;1,41
Macrophage Alternative Activation Signaling Pathway;0;0;-0,34;-0,16;0,76;0;2,07
NGF Signaling;0;0;-0,89;0,93;0,9;0;2,5
IL-17A Signaling in Gastric Cells;0;0;-0,45;0;1,13;0;0
Chemokine Signaling;0;0;-0,73;0;0,63;0;0,71
Signaling by MET;0;0;0;0,69;1,63;0;2,24
Neurexins and neuroligins;0;0;0,54;1,16;1,9;0;2,24
Netrin-1 signaling;0;0;-0,58;0,26;1,21;0;1,63
4-1BB Signaling in T Lymphocytes;0;0;0;0,82;1,27;0;2
B Cell Activating Factor Signaling;0;0;0;0;1,16;0;2,24
April Mediated Signaling;0;0;0;0;1,16;0;2,24
PFKFB4 Signaling Pathway;0;0;0;0,26;0,26;0;0,82
Neuregulin Signaling;0;0;-0,24;1,04;1,46;0;1,51
Opioid Signaling Pathway;0;0;0;0,96;0,53;0;1,46
ERB2-ERBB3 Signaling;0;0;-0,38;0,54;0,54;0;1,13
P2Y Purigenic Receptor Signaling Pathway;0;0;-0,66;0,96;1,57;0;1,81
Autism Signaling Pathway;0;0;0,42;0,75;2,03;0;1,41
PIP3 activates AKT signaling;0;0;0;0,71;2;0;1,51
CDK5 Signaling;0;0;0,43;0,63;1,73;0;1,41
IGF-1 Signaling;0;0;-0,24;1,04;0,85;0;1,27
Role of NANOG in Mammalian Embryonic Stem Cell Pluripotency;0;0;-0,3;0,73;0,78;0;0,71
Antiproliferative Role of Somatostatin Receptor 2;0;0;0;0,83;0,54;0;0,82
IL-2 Signaling;0;0;0;1,39;0,91;0;0,45
ERBB4 Signaling;0;0;0,33;1,07;1,29;0;0,71
ERBB Signaling;0;0;0,28;0,47;1,46;0;0,63
Netrin Signaling;0;0;0,32;0,85;0,87;0;1,81
RAF-independent MAPK1/3 activation;0;0;1,13;0,71;1;0;1,63
Leukocyte Extravasation Signaling;0;0;-1,41;-0,16;0,32;0;0,94
IL-15 Production;0;0;-1;-0,19;0;0;1,21
Interleukin-4 and Interleukin-13 signaling;0;0;0,34;0,69;0,71;0;1,89
Synaptogenesis Signaling Pathway;0;0;-0,69;0,24;1,21;0;2,36
Cardiac Hypertrophy Signaling (Enhanced);0;0;-0,7;0,19;1,17;0,38;1,76
Colorectal Cancer Metastasis Signaling;0;0;0,31;0,57;1,13;0;1,8
Hepatic Cholestasis;0;0;0,16;0,15;1,16;0;2,18
COPI-mediated anterograde transport;0;0;-0,54;0,58;1,07;0;2,45
IL-1 Signaling;0;0;-0,28;-1,39;0;0;1
Protein Sorting Signaling Pathway;0;0;-0,96;-0,52;0,52;0;1,27
RANK Signaling in Osteoclasts;0;0;-0,23;0;0,56;0;1,9
HGF Signaling;0;0;-1,09;0,56;0,37;0;1,73
14-3-3-mediated Signaling;0;0;-1,21;0,21;0,78;0;1,16
Macropinocytosis Signaling;0;0;-0,58;-0,26;0,24;0;1
LPS-stimulated MAPK Signaling;0;0;-0,83;0;0,6;0;1,16
MSP-RON Signaling in Macrophages Pathway;0;0;-0,58;0;0,43;0;0,91
CCR3 Signaling in Eosinophils;0;0;-0,83;-0,5;0,69;0;0,63
Oxytocin in Brain Signaling Pathway;0;0;-0,8;0,91;0;0;1,21
Melanocyte Development and Pigmentation Signaling;0;0;-1,07;0,47;0;0;1,41
Extra-nuclear estrogen signaling;0;0;-0,71;0,54;0,26;0;0,45
Glioma Signaling;0;0;-0,94;0,39;0;0;0,63
Glucose metabolism;0;0;-0,33;0,28;1,53;0;0,91
Gα12/13 Signaling;0;0;-0,43;0,18;0,33;0;1,94
Insulin Secretion Signaling Pathway;0;0;-0,89;-0,44;0,83;0;1,46
GNRH Signaling;0;0;-0,93;0,51;0,48;0;1,21
Ovarian Cancer Signaling;0;0;-0,47;0,22;0,66;0;1,67
iNOS Signaling;0;0;0;-0,38;0,63;0;0,82
NAD Signaling Pathway;0;0;-0,38;0;0,93;0;0,69
IL-13 Signaling Pathway;0;0;-0,21;0,21;1,04;0;0,58
ERK/MAPK Signaling;0;0;-0,18;0,31;0,91;0;1,21
Regulation of the Epithelial Mesenchymal Transition in Development Pathway;0;0;1,07;0,47;1,34;0;1,63
Activin Inhibin Signaling Pathway;0;0;0,3;0,28;0,8;0;1,79
IL-17A Signaling in Airway Cells;0;0;0;-0,28;0,5;0;0,71
Transcriptional regulation by RUNX2;0;0;0,78;0;1,07;0;0,45
Pyroptosis Signaling Pathway;0;0;0,78;0,66;0,19;0;-1,63
Autophagy;0;0;0,15;0,58;1,05;0;-0,85
Chondroitin Sulfate Biosynthesis;0;0;1;1;0,58;0;0
Dermatan Sulfate Biosynthesis;0;0;0,63;0,3;0;0;0
Heparan Sulfate Biosynthesis;0;0;1,51;1,16;1,16;0;0
Epithelial Adherens Junction Signaling;0;0;1,04;1,22;0,73;0;-0,33
Heparan Sulfate Biosynthesis (Late Stages);0;0;1,67;0,91;1,27;0;0
Chondroitin Sulfate Biosynthesis (Late Stages);0;0;1,13;0,71;0,63;0;0
Intrinsic Prothrombin Activation Pathway;0;0;1;0;2;0;0
SUMOylation of DNA damage response and repair proteins;0;0;0,82;1,41;-0,54;0;-1,34
Circadian Clock;0;0;0,3;0,54;0,23;0;-1,13
Tetrahydrofolate Salvage from 5,10-methenyltetrahydrofolate;0;0;0;0;1,34;0;0
FLT3 Signaling in Hematopoietic Progenitor Cells;0;0;-0,3;0,89;0,89;0;-0,38
Oncogene Induced Senescence;0;0;0,71;0,71;0,63;0;0
Role of MAPK Signaling in Inhibiting the Pathogenesis of Influenza;0;0;0,24;0,24;0,45;0;0,82
Pancreatic Adenocarcinoma Signaling;0;0;0;-0,19;0,19;0;0,54
SPINK1 General Cancer Pathway;0;0;0;0,54;0,26;0;0,38
Renin-Angiotensin Signaling;0;0;0;0,19;0,93;0;0,83
PI Metabolism;0;0;0,63;0;0,26;0;0,82
D-myo-inositol (1,3,4)-trisphosphate Biosynthesis;0;0;0;0,45;0;0;0
Non-Small Cell Lung Cancer Signaling;0;0;-0,28;0,47;0,5;0;0,38
Renal Cell Carcinoma Signaling;0;0;-0,63;0,78;0,5;0;0,82
Platelet Adhesion to exposed collagen;0;0;0;1;0;0;0
Remodeling of Epithelial Adherens Junctions;0;0;0;1,34;0,45;0;0
Retinoic acid Mediated Apoptosis Signaling;0;0;0;0,3;0;0;-0,45
TRAIL signaling;0;0;0;0;0,45;0;0
Interleukin-12 family signaling;0;0;0;0;0;0;0,45
Signaling by Hippo;0;0;1,34;1,34;0;0;0
GPCR-Mediated Integration of Enteroendocrine Signaling Exemplified by an L Cell;0;0;1,29;1,39;1,39;0;0,45
Inhibition of Angiogenesis by TSP1;0;0;0,38;0,33;0,33;0;0
Serine biosynthesis;0;0;0;0;0;0;0
IL-23 Signaling Pathway;0;0;0,71;0;0,91;0;0,71
Interleukin-6 family signaling;0;0;1;0,71;0,71;0;0,71
Myogenesis;0;0;0,71;0,33;0;0;0
Tumoricidal Function of Hepatic Natural Killer Cells;0;0;1;0,45;0;0;0
Cell Cycle Regulation by BTG Family Proteins;0;0;0;1;0;0;0
Erythropoietin Signaling Pathway;0;0;0;0,48;0,48;0;0,22
FAT10 Cancer Signaling Pathway;0;0;0,58;1,07;1,07;0;0
Role of p14/p19ARF in Tumor Suppression;0;0;1,13;1,13;0,38;0;0
Caspase activation via Death Receptors in the presence of ligand;0;0;1;1;0,45;0;0
TBC/RABGAPs;0;0;0,82;1;1,41;0;0
Signaling by BMP;0;0;1,27;1;1,67;0;0
Dissolution of Fibrin Clot;0;0;0,45;1,63;1,34;0;0
Folate Transformations I;0;0;1,34;1,34;0,82;0;0
Nicotinate metabolism;0;0;1,34;1,34;1;0;0
UDP-N-acetyl-D-galactosamine Biosynthesis II;0;0;1;1;1,63;0;1
BMAL1:CLOCK,NPAS2 activates circadian gene expression;0;0;1;0,63;1,51;0;0
Calcium Transport I;0;0;1;1,34;1,34;0;0
Superpathway of Serine and Glycine Biosynthesis I;0;0;1;1;1;0;0
Nephrin family interactions;0;0;1;1;1,34;0;0
DDX58/IFIH1-mediated induction of interferon-alpha/beta;0;0;1,67;1,51;0,5;0;-0,82
NLR signaling pathways;0;0;2,14;1,07;1,04;0;0
Endocannabinoid Cancer Inhibition Pathway;0;0;2,5;1,57;0,8;0;-1,73
MicroRNA Biogenesis Signaling Pathway;0;0;1,26;1,76;1,18;0;-0,5
Immunogenic Cell Death Signaling Pathway;0;0;1,53;1,71;1,3;0;-1
Cytosolic sensors of pathogen-associated DNA;0;0;1,41;1,63;1,73;0;0,82
Sulfur amino acid metabolism;0;0;1,34;1;0,82;0;0
Calcium Signaling;0;0;0,96;1,51;1,22;0;0,63
Osteoarthritis Pathway;0;0;1,54;0,54;0,39;0;1,21
Transcriptional Regulation by VENTX;0;0;1;0,82;0,63;0;1,34
Regulation of TP53 Expression and Degradation;0;0;1,13;1,41;0,82;0;0
p38 MAPK Signaling;0;0;0,2;-0,19;0,51;0;-1,13
Multiple Sclerosis Signaling Pathway;0;0;0,16;0;0,58;0;-0,23
Role of Osteoblasts in Rheumatoid Arthritis Signaling Pathway;0;0;0,44;0,69;1,66;0;-0,85
Ferroptosis Signaling Pathway;0;0;0,49;1,44;0,67;0;0,38
Endocannabinoid Developing Neuron Pathway;0;0;0;0,85;-0,41;0;-0,58
Role of MAPK Signaling in Promoting the Pathogenesis of Influenza;0;0;0,22;1,04;0,19;0;0,33
CSDE1 Signaling Pathway;0;0;-0,45;0,63;0,63;0;0
MyD88-independent TLR4 cascade;0;0;1,13;0,38;0,3;0;0
Toll Like Receptor 3 (TLR3) Cascade;0;0;1,63;0,82;0,3;0;0
Regulation of TP53 Activity through Methylation;0;0;1,63;1,34;0,38;0;0
Signaling by FGFR1;0;0;1;0,63;0,63;0;0
Signaling by FGFR3;0;0;0,82;0,38;0,38;0;0
Signaling by FGFR4;0;0;0,82;0,38;0,38;0;0
Pulmonary Healing Signaling Pathway;0;0;0;0,27;0,96;0;1,04
Glioblastoma Multiforme Signaling;0;0;0;0;1,12;0;0,47
Signaling by Activin;0;0;1;1,34;1,34;0;0
NAFLD Signaling Pathway;0;0;0,85;0,82;1,03;0;0,89
Natural Killer Cell Signaling;0;0;0,35;0,93;0,89;0;0,94
Senescence Pathway;0;0;0,99;0,47;1,2;0;1,8
JAK/STAT Signaling;0;0;0,26;0,85;1,09;0;0,83
VEGF Signaling;0;0;0,26;1,04;1,63;0;1,27
Integrin Signaling;0;0;0,33;1,16;0,78;0;1,41
IL-6 Signaling;0;0;0,39;0,33;1,27;0;0,83
TGF-β Signaling;0;0;0;0,6;0,85;0;1,13
Role of JAK family kinases in IL-6-type Cytokine Signaling;0;0;1,4;1,57;2,12;0;1,81
Polyamine Regulation in Colon Cancer;0;0;1,16;1,5;0,91;0;1,89
Acute Phase Response Signaling;0;0;0,82;1,41;1,72;0;0,54
FLT3 Signaling;0;0;1,41;1,9;1,67;0;0
ATF4 activates genes in response to endoplasmic reticulum stress;0;0;1,67;1,51;1,9;0;0
Signaling by EGFR;0;0;1,94;1,6;2;0;0
TP53 Regulates Transcription of Cell Death Genes;0;0;1,6;1,6;0,78;0;1,34
Signaling by TGF-beta Receptor Complex;0;0;1,79;1,71;1,28;0;1
HMGB1 Signaling;0;0;1,41;1,15;2,03;0;1,41
Cholecystokinin/Gastrin-mediated Signaling;0;0;1,18;1,35;2,34;0;1,15
fMLP Signaling in Neutrophils;0;0;1,34;1,96;2,5;0;1,6
Estrogen-Dependent Breast Cancer Signaling;0;0;1;1,5;1,7;0;1,41
UVC-Induced MAPK Signaling;0;0;0,63;1,73;1,6;0;1,41
PAK Signaling;0;0;0,47;1,63;1,23;0;1,27
Acute Myeloid Leukemia Signaling;0;0;0,3;1,61;1,21;0;1,51
PEDF Signaling;0;0;0,78;1,34;1,4;0;0,82
α-Adrenergic Signaling;0;0;1;1,39;1,94;0;0,71
Gαi Signaling;0;0;1,07;1,81;1,21;0;-0,38
Telomerase Signaling;0;0;0,83;1,79;1,21;0;0,33
Insulin Receptor Signaling;0;0;0,66;1,73;1,13;0;0,63
Prolactin Signaling;0;0;0,28;1,15;1,34;0;0,58
Th1 Pathway;0;0;0,47;1,15;1,63;0;0
Neurotrophin/TRK Signaling;0;0;0,63;1,15;1,34;0;0,38
Thrombopoietin Signaling;0;0;0,63;1,07;1,89;0;0,58
NF-κB Activation by Viruses;0;0;0,54;1,41;0,89;0;0,63
IL-3 Signaling;0;0;0,3;1,07;1,7;0;0,3
Angiopoietin Signaling;0;0;0,33;1,07;1,5;0;0,38
Zymosterol Biosynthesis;0;0;0;0;-2;0;0
Ketone body metabolism;0;0;0;0;0;0;0
PCP (Planar Cell Polarity) Pathway;0;0;-1,16;-1,81;-0,24;0;0,45
DNA Methylation and Transcriptional Repression Signaling;0;0;0;0;0,24;0;1,34
Glycosaminoglycan metabolism;0;0;0;-1,15;-0,85;0;0,33
Ion channel transport;0;0;-0,69;-0,52;-0,51;0;-1,34
Sirtuin Signaling Pathway;0;-0,82;0,16;-0,16;-0,46;-0,82;-1,34
Cytoprotection by HMOX1;0;0;0;0;0;0;0
Semaphorin Neuronal Repulsive Signaling Pathway;0;0;-0,56;-0,97;0,16;0;-0,83
Pentose Phosphate Pathway;0;0;0;0;0;0;0
Protein methylation;0;0;0;0;0;0;0
ESR-mediated signaling;0;0;-0,58;0,5;-0,66;0;0,82
Phenylalanine and tyrosine metabolism;0;0;-1;0;0;0;0
Formation of xylulose-5-phosphate;0;0;0;0;0;0;0
Processing of SMDT1;0;0;0;0;0;0;0
EPH-Ephrin signaling;0;0;-1,21;0,22;0,43;0;0
Smooth Muscle Contraction;0;0;-0,83;1,29;0,28;0;0,45
Translocation of SLC2A4 (GLUT4) to the plasma membrane;0;0;-0,91;0,63;-0,83;0;0,71
Regulation of mRNA stability by proteins that bind AU-rich elements;0;0;-0,82;0,38;-0,91;0;0
Binding and Uptake of Ligands by Scavenger Receptors;0;0;-0,3;0;0,28;0;0
RHO GTPases Activate ROCKs;0;0;0;0,45;0;0;0
RHO GTPases activate PKNs;0;0;-0,82;0;-0,45;0;0
Cell Cycle: G1/S Checkpoint Regulation;0;0;0,83;1;0,28;0;0
Inhibition of ARE-Mediated mRNA Degradation Pathway;0;0;0,26;0,73;0;0;0
Role of CHK Proteins in Cell Cycle Checkpoint Control;0;0;0,38;0,71;0,38;0;0
TP53 Regulates Transcription of DNA Repair Genes;0;0;1;0,63;0,33;0;-0,45
Intrinsic Pathway for Apoptosis;0;0;0;0,28;0;0;0
Protein ubiquitination;0;0;0;1;0;0;0
Production of Nitric Oxide and Reactive Oxygen Species in Macrophages;0;0;-0,37;-0,52;0;0;0,69
Signaling by PTK6;0;0;-0,3;-0,58;0,3;0;0,45
mTOR Signaling;0;0;-0,22;0;-0,19;0;0
Signaling by CSF3 (G-CSF);0;0;0;0;0;0;0
Pyridoxal 5'-phosphate Salvage Pathway;0;0;-1,6;-1;-0,78;0;0
Fc Epsilon RI Signaling;0;0;-1,7;-0,78;-0,39;0;0,33
Salvage Pathways of Pyrimidine Ribonucleotides;0;0;-1,71;-0,43;0;0;1,16
Factors involved in megakaryocyte development and platelet production;0;0;-0,39;-0,82;0;0;1,41
Role of NFAT in Cardiac Hypertrophy;0;0;-0,89;-0,14;0;0;0,85
Thrombin Signaling;0;0;-0,65;-0,46;-0,15;0;1,15
White Adipose Tissue Browning Pathway;0;0;-0,39;0,18;0,9;0;0,82
MAP kinase activation;0;0;0,38;-0,33;0,3;0;0
Cargo recognition for clathrin-mediated endocytosis;0;0;0,26;0,47;0,89;0;0
Signaling by NTRK1 (TRKA);0;0;-0,83;0;0,73;0;0
Th2 Pathway;0;0;-0,26;-0,5;1,15;0;0,38
Sphingosine-1-phosphate Signaling;0;0;-0,76;-0,96;0,37;0;0
Energy dependent regulation of mTOR by LKB1-AMPK;0;0;0;0;0;0;0
MyD88 cascade initiated on plasma membrane;0;0;0;0;0,45;0;0
MyD88 dependent cascade initiated on endosome;0;0;0;-0,45;0,38;0;0
Oxidative Stress Induced Senescence;0;0;-0,54;-0,5;-0,43;0;0,45
Signaling by FGFR2;0;0;-0,33;0;-0,91;0;0
Colanic Acid Building Blocks Biosynthesis;0;0;0;0;0;0;0
Pyroptosis;0;0;0,82;0;-0,38;0;0
trans-Golgi Network Vesicle Budding;0;0;-0,3;-0,28;-0,26;0;0
RAS processing;0;0;0;0;-0,45;0;0
Xenobiotic Metabolism AHR Signaling Pathway;0;0;-0,69;-0,66;0,21;0;0
Phagosome Formation;0;-1;-1,73;-1,17;0;0;1,44
G alpha (q) signalling events;0;0;-1,34;-1,18;-0,18;0;1,67
eNOS Signaling;0;0;-1,46;-1,57;-0,35;0;1,73
Mouse Embryonic Stem Cell Pluripotency;0;0;-1,53;-1,1;-0,38;0;1,51
CREB Signaling in Neurons;0;0;-1,63;-1,18;-0,11;-0,38;1,57
L1CAM interactions;0;0;-1,51;0;0,21;0;3
Glutaminergic Receptor Signaling Pathway (Enhanced);0;0;-1,48;-1,08;0,12;0;2,24
Neurotransmitter release cycle;0;0;-1,16;-0,63;0;0;0
WNT/Ca+ pathway;0;0;-0,89;-0,22;0,43;0;1,41
Endocannabinoid Neuronal Synapse Pathway;0;0;-0,41;0,21;0,39;0;0,82
Pre-NOTCH Expression and Processing;0;0;-0,63;-1,16;1,21;0;2
Dopamine-DARPP32 Feedback in cAMP Signaling;0;0;-1,04;-0,63;0,9;0;1,16
RET signaling;0;0;-1,27;-1,27;0,28;0;1,63
Reelin Signaling in Neurons;0;0;-1,23;-0,54;0;0;1,6
Dilated Cardiomyopathy Signaling Pathway;0;0;-1,34;-1,15;-1,23;0;1
Protein Kinase A Signaling;0;0;-1,13;-0,81;-0,75;1,34;-0,21
Growth Hormone Signaling;0;0;-1,51;-1,51;-0,83;0;0,33
Pancreatic Secretion Signaling Pathway;0;0;-1,94;-1,7;-0,27;0;0,66
Estrogen-mediated S-phase Entry;0;0;-1,34;-1,41;-0,38;0;0
Adrenomedullin signaling pathway;0;0;-2,08;-1,34;-0,3;0;0,23
Xenobiotic Metabolism PXR Signaling Pathway;0;0;-0,69;-1,15;-0,78;0;0,38
Coronavirus Replication Pathway;0;0;-1,41;-0,45;-1,13;0;1,13
Apelin Cardiomyocyte Signaling Pathway;0;0;-1,71;-0,85;-0,43;0;0,28
Semaphorin interactions;0;0;-1,5;-0,85;-0,43;0;1,13
Fcγ Receptor-mediated Phagocytosis in Macrophages and Monocytes;0;0;-2;-0,47;-0,24;0;1,41
Docosahexaenoic Acid (DHA) Signaling;0;0;-0,54;-0,27;-0,25;0;0,89
UVB-Induced MAPK Signaling;0;0;-1;-0,63;0;0;1,13
CD40 Signaling;0;0;-0,63;-0,58;0;0;1,41
Endothelin-1 Signaling;0;0;-1,37;-1,34;-1,26;0;1,15
TNFR1 Signaling;0;0;-1,41;-1,67;-0,28;0;0
Factors Promoting Cardiogenesis in Vertebrates;0;0;-1,46;-0,82;0;0;1,51
Type II Diabetes Mellitus Signaling;0;0;-1,29;-1;-0,66;0;1,27
TNFR2 Signaling;0;0;-1,13;-1,13;-0,63;0;1
Superoxide Radicals Degradation;0;0;0;-2;-1;0;0
Retinol Biosynthesis;0;0;0;-2;0;0;0
ROBO SLIT Signaling Pathway;0;0;-0,19;-0,52;-0,71;0;-1,27
Platelet homeostasis;0;0;-0,66;-0,63;-0,78;0;-0,82
cAMP-mediated signaling;0;0;-1,22;-0,33;-0,82;0;0
Glycogen metabolism;0;0;-0,82;-0,82;0;0;0
Fanconi Anemia Pathway;0;0;-0,38;-0,71;0;0;0
GPCR-Mediated Nutrient Sensing in Enteroendocrine Cells;0;0;-0,89;-0,89;0;-1;0,38
Synthesis of Prostaglandins (PG) and Thromboxanes (TX);0;0;-0,82;-0,82;-0,45;0;1
Activation of kainate receptors upon glutamate binding;0;0;0;-0,38;0;0;1
Toll-like Receptor Signaling;0;0;-1,63;-2,45;-0,83;0;-0,82
Metabolism of nitric oxide: NOS3 activation and regulation;0;0;-1,34;-1,34;-1;0;0
Ephrin B Signaling;0;0;-1,81;-1,6;-1;0;0
Triacylglycerol Biosynthesis;0;0;-1,63;-1,73;-1,13;0;0
Amyloid Processing;0;0;-0,82;-1,63;-0,71;0;0
γ-linolenate Biosynthesis II (Animals);0;0;-1,34;-2;0;0;0
Basal Cell Carcinoma Signaling;0;0;-0,71;-1,51;0;0;0
Signaling by NTRK3 (TRKC);0;0;0;-2;0;0;0
Signaling by Erythropoietin;0;0;-0,82;-1,63;-0,45;0;0
Leptin Signaling in Obesity;0;0;-1;-1,13;-0,82;0;0
G alpha (z) signalling events;0;0;-0,82;0,45;0,3;0;0,45
γ-glutamyl Cycle;0;0;-1;0;0;0;0
Pyrimidine Ribonucleotides Interconversion;0;0;-1,34;0;-0,45;0;0
Pyrimidine Ribonucleotides De Novo Biosynthesis;0;0;-1,34;0;-0,45;0;0
Dopamine Receptor Signaling;0;0;-1,34;0;0;0;0
Aldosterone Signaling in Epithelial Cells;0;0;-1,21;-0,89;-0,22;0;0,58
Acetylcholine Receptor Signaling Pathway;0;0;-1,54;-0,78;-0,28;0;0
UVA-Induced MAPK Signaling;0;0;-1,6;-0,78;0;0;0
FOXO-mediated transcription of oxidative stress, metabolic and neuronal genes;0;0;-0,71;-0,71;-0,45;0;0
Receptor-type tyrosine-protein phosphatases;0;0;-0,82;-0,82;0;0;0
Thrombin signalling through proteinase activated receptors (PARs);0;0;-0,45;-1;-0,33;0;0
Triglyceride metabolism;0;0;-1;0;-1;0;0
TP53 Regulates Transcription of Cell Cycle Genes;0;0;-0,78;-0,28;-0,54;0;0
tRNA Splicing;0;0;-0,33;-1,16;-1,07;0;0
Phenylalanine Degradation IV (Mammalian, via Side Chain);0;0;-0,82;-0,82;-0,82;0;0
Interleukin-7 signaling;0;0;-0,82;-1,13;-1,13;0;0
IL-10 Signaling;0;0;0,6;1,26;0,31;0;0,73
PD-1, PD-L1 cancer immunotherapy pathway;0;0;0,83;0,94;0,5;0;0
WNT/β-catenin Signaling;0;0;0,41;0,71;-0,19;0;-0,63
HIPPO signaling;0;0;1;0,63;0,38;0;0
VDR/RXR Activation;0;0;0,83;0;0,24;0;-0,82
DNA damage-induced 14-3-3σ Signaling;0;0;1,27;0,3;-0,83;0;0
RAB geranylgeranylation;0;0;-0,63;-0,5;0;0;0
TR/RXR Activation;0;2;-0,93;-0,18;0,65;0;0,2
Relaxin Signaling;0;0;-0,73;0;-0,21;0;1,9
Gαq Signaling;0;0;-0,17;-0,67;0,16;0;1,53
BEX2 Signaling Pathway;0;0;-0,5;-0,23;0,43;0;1,9
Androgen Signaling;0;0;-0,24;0;0,43;0;2,12
Heme signaling;0;0;-0,3;0,58;0,26;0;2,24
Ribonucleotide Reductase Signaling Pathway;0;0;-1,86;-0,31;-0,45;0;-0,24
Degradation of the extracellular matrix;0;0;-0,5;-0,73;0,23;0;0,38
EGF Signaling;0;0;-1,27;-0,26;-0,26;0;0,38
FGF Signaling;0;0;-2,14;-0,89;-1,28;0;-0,45
MAPK6/MAPK4 signaling;0;0;-1,13;-0,71;-1,16;0;0
IL-7 Signaling Pathway;0;0;-1,51;0;-1,09;0;0,38
Insertion of tail-anchored proteins into the endoplasmic reticulum membrane;0;0;0;0,45;1,67;0;0
Aryl Hydrocarbon Receptor Signaling;0;0;-0,85;-1,18;0,39;0;0,63
AMPK Signaling;0;0;-0,82;0;-1,33;0;-0,28
Sertoli Cell-Germ Cell Junction Signaling Pathway (Enhanced);0;0;-0,43;0;-0,76;0;0,2
Superpathway of D-myo-inositol (1,4,5)-trisphosphate Metabolism;0;0;0;0;-1;0;0
Activation of IRF by Cytosolic Pattern Recognition Receptors;0;0;-0,38;-0,38;-0,28;0;-1
PI3K Cascade;0;0;-0,38;-0,71;0;0;0
YAP1- and WWTR1 (TAZ)-stimulated gene expression;0;0;-0,45;-0,45;0;0;0
Regulation of lipid metabolism by PPARalpha;0;0;-0,6;-1,4;-0,21;0;-0,82
MYC Mediated Apoptosis Signaling;0;0;-0,54;-1;-0,5;0;0
Death Receptor Signaling;0;0;-1,41;-0,85;-0,78;0;-0,38
RHO GTPases activate PAKs;0;0;-1;-0,45;-1;0;0
CDX Gastrointestinal Cancer Signaling Pathway;0;0;-1,22;-0,8;-0,91;0;-1,07
TYSND1 cleaves peroxisomal proteins;0;0;0;0;-2;0;0
Role of BRCA1 in DNA Damage Response;0;0;-0,38;-1;-1,67;0;0
Dermatan Sulfate Degradation (Metazoa);0;0;0;-1,34;-2;0;0
Chondroitin Sulfate Degradation (Metazoa);0;0;0;-1,34;-2,24;0;0
GADD45 Signaling;0;0;-0,66;0,21;-1,04;0;-1,67
Mitotic Prophase;0;0;-1;-1,39;-1,28;0;-1
Apelin Pancreas Signaling Pathway;0;0;-0,54;-0,54;-0,5;0;-1,34
Coagulation System;0;0;0;-0,71;-1;0;-1
BAG2 Signaling Pathway;0;0;-0,3;-0,28;-1,07;0;-1,34
Transcriptional regulation of granulopoiesis;0;0;0,82;-1,27;0;0;0
Nucleotide catabolism;0;0;1;0,45;-0,82;0;0
Regulation of cholesterol biosynthesis by SREBP (SREBF);0;0;-2;-0,82;0,45;0;0
GPVI-mediated activation cascade;0;0;-0,82;-1,13;0;0;0
Phosphatidylethanolamine Biosynthesis II;0;0;-1;-1;0;0;0
Transcriptional regulation by the AP-2 (TFAP2) family of transcription factors;0;0;-0,82;-0,71;0;0;0
Corticotropin Releasing Hormone Signaling;0;0;-0,21;0,39;0,19;0;0,38
ID1 Signaling Pathway;0;0;-0,13;-0,13;0,25;0;0,45
Glioma Invasiveness Signaling;0;0;0;-0,6;-0,2;0;-0,33
Metabolism of water-soluble vitamins and cofactors;0;0;0;-0,26;-1,09;0;1
Apelin Adipocyte Signaling Pathway;0;0;-0,5;-0,28;0;0;-0,45
Signaling by CSF1 (M-CSF) in myeloid cells;0;0;-0,38;-0,38;-0,33;0;0
Thioredoxin Pathway;0;0;0;0;0;0;0
SUMOylation of intracellular receptors;0;0;0,38;-0,33;0,71;0;0
VEGF Family Ligand-Receptor Interactions;0;0;-0,78;0;0,43;0;1,27
GDNF Family Ligand-Receptor Interactions;0;0;-0,58;0;0,47;0;0,82
Synaptic Long Term Potentiation;0;0;-0,82;0;0,71;0;0,91
Small Cell Lung Cancer Signaling;0;0;-0,3;0,26;-0,24;0;1
GPER1 signaling;0;0;0;0,38;0,33;0;2
CD27 Signaling in Lymphocytes;0;0;-0,33;0;0;0;1,34
Role of JAK2 in Hormone-like Cytokine Signaling;0;0;0;-0,54;0;0;0,45
Adipogenesis pathway;0;0;-0,35;0,17;0,52;0;0,54
Transcriptional Regulation by E2F6;0;0;0,45;0;0,45;0;0
The Visual Cycle;0;0;0;0;0;0;0
ATM Signaling;0;0;0,78;0;0,5;0;0,38
Interleukin-20 family signaling;0;0;0;0;0;0;-1
RHO GTPases activate KTN1;0;0;0;0;0;0;0
Role of JAK1, JAK2 and TYK2 in Interferon Signaling;0;0;0;0;0;0;0
Alpha-protein kinase 1 signaling pathway;0;0;0;1;1;0;0
Metabolism of folate and pterines;0;0;0,82;1,34;0,82;0;0
LPS/IL-1 Mediated Inhibition of RXR Function;0;0;0,26;0,73;0,23;0;-0,45
Tryptophan catabolism;0;0;0;0,45;0,45;0;0
Activation of Matrix Metalloproteinases;0;0;0,38;0,38;0;0;0
Inflammasome pathway;0;0;0,71;0,38;0,58;0;0
Histidine Degradation III;0;0;0;0;1;0;0
Transcriptional regulation of pluripotent stem cells;0;0;0;0,45;1;0;0
FOXO-mediated transcription of cell cycle genes;0;0;0,38;0,82;1,34;0;0
Apelin Liver Signaling Pathway;0;0;0,45;0;1;0;0
Triacylglycerol Degradation;0;0;0,45;0,45;1;0;0
Sonic Hedgehog Signaling;0;0;0,38;0,38;1;0;0
NFE2L2 regulating anti-oxidant/detoxification enzymes;0;0;0,38;0,38;0,82;0;0
Interleukin-1 processing;0;0;0,45;0;0,71;0;0
Granzyme B Signaling;0;0;0;-2;0;0;0
Growth hormone receptor signaling;0;0;0;-1,13;-0,45;0;0
Signaling by SCF-KIT;0;0;-0,28;-0,58;0,5;0;0
D-myo-inositol (1,4,5)-trisphosphate Degradation;0;0;0;0;0;0;0
Melanoma Signaling;0;0;-0,3;0,5;0,54;0;0
CNTF Signaling;0;0;-0,63;0;0,28;0;0
Processing of Capped Intronless Pre-mRNA;0;0;1;0,45;0;0;0
Cardiac β-adrenergic Signaling;0;0;0,47;-0,23;0;0;0
Signaling by NTRK2 (TRKB);0;0;0;0;0,38;0;0
Lymphotoxin β Receptor Signaling;0;0;0;0;-0,33;0;0
Ceramide Biosynthesis;0;0;0;0;0;0;0
Cardiomyocyte Differentiation via BMP Receptors;0;0;0;0;0;0;0
FAT10 Signaling Pathway;0;0;0;0;0;0;0
Induction of Apoptosis by HIV1;0;0;0;-0,28;-0,78;0;0
Phosphatidylglycerol Biosynthesis II (Non-plastidic);0;0;-1;-0,45;-1;0;0
CDP-diacylglycerol Biosynthesis I;0;0;-1;-0,45;-1;0;0
MIF Regulation of Innate Immunity;0;0;-1,27;-1,27;-0,3;0;0
MIF-mediated Glucocorticoid Regulation;0;0;-0,71;-0,71;-0,33;0;0
GM-CSF Signaling;0;0;-0,26;0,23;0;0;-0,38
TNFs bind their physiological receptors;0;0;0;0;0,71;0;0
Inhibition of Matrix Metalloproteases;0;0;0,3;-0,3;0;0;1
Apoptotic execution phase;0;0;-0,38;0,33;0;0;0
RORA activates gene expression;0;0;0;0;-0,38;0;0
Notch Signaling;0;0;0;-1;-0,38;0;0
Nucleotide salvage;0;0;-0,45;-0,45;0;0;0
Signaling by ALK;0;0;-0,82;-0,71;-0,38;0;0,45
EGR2 and SOX10-mediated initiation of Schwann cell myelination;0;0;-0,71;-0,38;-0,71;0;0
Crosstalk between Dendritic Cells and Natural Killer Cells;0;0;-0,58;0;-0,58;0;0
Vasopressin regulates renal water homeostasis via Aquaporins;0;0;-0,45;0;0;0;0
dTMP De Novo Biosynthesis;0;0;0;0;0;0;0
Transcriptional Regulation by NPAS4;0;0;-0,33;-0,33;-0,5;0;0
Surfactant metabolism;0;0;0;0;0;0;0
Vitamin D (calciferol) metabolism;0;0;0;1;0;0;0
Rap1 signalling;0;0;0;1;0;0;0
Carnitine metabolism;0;0;1;0,45;0;0;0
Vitamin-C Transport;0;0;0,38;0;0;0;0
Glycogen Biosynthesis II (from UDP-D-Glucose);0;0;0;0;0;0;0
Superpathway of Citrulline Metabolism;0;0;0;0;0;0;0
Leucine Degradation I;0;0;0;0;0;0;0
MAPK targets/ Nuclear events mediated by MAP kinases;0;0;-0,82;0;0,38;0;0
NFE2L2 regulates pentose phosphate pathway genes;0;0;-0,45;0;0;0;0
Pentose phosphate pathway;0;0;0;0;0;0;0
Prostanoid Biosynthesis;0;0;0;0;0;0;0
Ceramide Degradation;0;0;0;0;0;0;0
FOXO-mediated transcription of cell death genes;0;0;0;-0,45;0;0;0
TWEAK Signaling;0;0;0;-0,33;-0,3;0;0
Glutamate and glutamine metabolism;0;0;0;0;0;0;0
IL-22 Signaling;0;0;0;0;0;0;0
NAD biosynthesis II (from tryptophan);0;0;0;0;-0,45;0;0
Role of Pattern Recognition Receptors in Recognition of Bacteria and Viruses;0;0;0,26;0,26;0,22;0;-0,28
Signaling by Leptin;0;0;0;0;0;0;0
Fatty Acid Activation;0;0;0;0;0;0;0
Glycogen Degradation II;0;0;0;0;0;0;0
Purine Nucleotides De Novo Biosynthesis II;0;0;0;0;0;0;0
Urate Biosynthesis/Inosine 5'-phosphate Degradation;0;0;0;0;0;0;0
Mitochondrial L-carnitine Shuttle Pathway;0;0;0;0;0;0;0
Pexophagy;0;0;0;0;0;0;0
Trafficking and processing of endosomal TLR;0;0;0;0;0;0;0
Cellular hexose transport;0;0;0;0;0;0;0
Glycogen Degradation III;0;0;0;0;0;0;0
IL-9 Signaling;0;0;0;-0,38;0,33;0;0
Signaling by Type 1 Insulin-like Growth Factor 1 Receptor (IGF1R);0;0;0;0;0;0;0
SUMOylation of transcription factors;0;0;0;0;0;0;0
GP1b-IX-V activation signalling;0;0;0;0;0;0;0
SUMOylation of immune response proteins;0;0;0;0;0;0;0
nNOS Signaling in Neurons;0;0;0;0;0,45;0;0
Sphingosine and Sphingosine-1-phosphate Metabolism;0;0;0;0;0;0;0
Epoxysqualene Biosynthesis;0;0;0;0;0;0;0
Chondroitin and Dermatan Biosynthesis;0;0;0;0;0;0;0
NR1D1 (REV-ERBA) represses gene expression;0;0;0;0;0;0;0
GDP-L-fucose Biosynthesis I (from GDP-D-mannose);0;0;0;0;0;0;0
Anandamide Degradation;0;0;0;0;0;0;0
Spermine Biosynthesis;0;0;0;0;0;0;0
Rapoport-Luebering Glycolytic Shunt;0;0;0;0;0;0;0
Mechanisms of Viral Exit from Host Cells;0;0;0;0;0;0;0
N-acetylglucosamine Degradation II;0;0;0;0;0;0;0
Tyrosine Biosynthesis IV;0;0;0;0;0;0;0
Platelet Aggregation (Plug Formation);0;0;0;0;0;0;0
Caveolar-mediated Endocytosis Signaling;0;0;0;0;0;0;0
Melatonin Degradation II;0;0;0;0;0;0;0
Pyruvate Fermentation to Lactate;0;0;0;0;0;0;0
Lactose synthesis;0;0;0;0;0;0;0
CMP-N-acetylneuraminate Biosynthesis I (Eukaryotes);0;0;0;0;0;0;0
Ascorbate Recycling (Cytosolic);0;0;0;0;0;0;0
Prednisone ADME;0;0;0;0;0;0;0
Role of JAK1 and JAK3 in γc Cytokine Signaling;0;0;0;0;0;0;0
Glycine Biosynthesis I;0;0;0;0;0;0;0
Prostate Cancer Signaling;0;0;0;0;0;0;0
Nucleotide Excision Repair Pathway;0;0;0;0;0;0;0
Phagosome Maturation;0;0;0;0;0;0;0
Cleavage and Polyadenylation of Pre-mRNA;0;0;0;0;0;0;0
Putrescine Biosynthesis III;0;0;0;0;0;0;0
Miro GTPase Cycle;0;0;0;0;0;0;0
Tryptophan Degradation to 2-amino-3-carboxymuconate Semialdehyde;0;0;0;0;0;0;0
Maturity Onset Diabetes of Young (MODY) Signaling;0;0;0;0;0;0;0
Selenocysteine Biosynthesis II (Archaea and Eukaryotes);0;0;0;0;0;0;0
Lipoate Biosynthesis and Incorporation II;0;0;0;0;0;0;0
Glucocorticoid Receptor Signaling;0;0;0;0;0;0;0
Tyrosine Degradation I;0;0;0;0;0;0;0
Neurotransmitter uptake and metabolism In glial cells;0;0;0;0;0;0;0
Xenobiotic Metabolism Signaling;0;0;0;0;0;0;0
OAS antiviral response;0;0;0;0;0;0;0
Phenylethylamine Degradation I;0;0;0;0;0;0;0
Acetate Conversion to Acetyl-CoA;0;0;0;0;0;0;0
Cysteine Biosynthesis/Homocysteine Degradation;0;0;0;0;0;0;0
Biotin-carboxyl Carrier Protein Assembly;0;0;0;0;0;0;0
Arginine Degradation I (Arginase Pathway);0;0;0;0;0;0;0
Agranulocyte Adhesion and Diapedesis;0;0;0;0;0;0;0
DNA Double-Strand Break Repair by Homologous Recombination;0;0;0;0;0;0;0
Thiosulfate Disproportionation III (Rhodanese);0;0;0;0;0;0;0
Th1 and Th2 Activation Pathway;0;0;0;0;0;0;0
Granulocyte Adhesion and Diapedesis;0;0;0;0;0;0;0
Formation of lateral plate mesoderm;0;0;0;0;0;0;0
RUNX1 and FOXP3 control the development of regulatory T lymphocytes (Tregs);0;0;0;0;0;0;0
Pentose Phosphate Pathway (Non-oxidative Branch);0;0;0;0;0;0;0
Tight Junction Signaling;0;0;0;0;0;0;0
Circadian Rhythm Signaling;0;0;0;0;0;0;0
Tetrahydrobiopterin Biosynthesis II;0;0;0;0;0;0;0
FasL/ CD95L signaling;0;0;0;0;0;0;0
DNA Double-Strand Break Repair by Non-Homologous End Joining;0;0;0;0;0;0;0
Role of Osteoblasts, Osteoclasts and Chondrocytes in Rheumatoid Arthritis;0;0;0;0;0;0;0
Diphthamide Biosynthesis;0;0;0;0;0;0;0
Role of OCT4 in Mammalian Embryonic Stem Cell Pluripotency;0;0;0;0;0;0;0
Epithelial-Mesenchymal Transition (EMT) during gastrulation;0;0;0;0;0;0;0
GDP-glucose Biosynthesis;0;0;0;0;0;0;0
Gap Junction Signaling;0;0;0;0;0;0;0
Regulation of TP53 Activity through Association with Co-factors;0;0;0;0;0;0;0
Hereditary Breast Cancer Signaling;0;0;0;0;0;0;0
L-dopachrome Biosynthesis;0;0;0;0;0;0;0
β-alanine Degradation I;0;0;0;0;0;0;0
Tetrahydrobiopterin Biosynthesis I;0;0;0;0;0;0;0
Semaphorin Signaling in Neurons;0;0;0;0;0;0;0
Arginine Degradation VI (Arginase 2 Pathway);0;0;0;0;0;0;0
Atherosclerosis Signaling;0;0;0;0;0;0;0
L-glutamine Biosynthesis II (tRNA-dependent);0;0;0;0;0;0;0
Hepatic Fibrosis / Hepatic Stellate Cell Activation;0;0;0;0;0;0;0
D-glucuronate Degradation I;0;0;0;0;0;0;0
Airway Pathology in Chronic Obstructive Pulmonary Disease;0;0;0;0;0;0;0
Clathrin-mediated Endocytosis Signaling;0;0;0;0;0;0;0
D-mannose Degradation;0;0;0;0;0;0;0
Protein Ubiquitination Pathway;0;0;0;0;0;0;0
Oxidized GTP and dGTP Detoxification;0;0;0;0;0;0;0
NADH Repair;0;0;0;0;0;0;0
Threonine catabolism;0;0;0;0;0;0;0
Pentose Phosphate Pathway (Oxidative Branch);0;0;0;0;0;0;0
Myo-inositol Biosynthesis;0;0;0;0;0;0;0
Ephrin A Signaling;0;0;0;0;0;0;0
Phenylalanine Degradation I (Aerobic);0;0;0;0;0;0;0
Role of MAPK Signaling in the Pathogenesis of Influenza;0;0;0;0;0;0;0
Pregnenolone Biosynthesis;0;0;0;0;0;0;0
Sucrose Degradation V (Mammalian);0;0;0;0;0;0;0
NGF processing;0;0;0;0;0;0;0
GDP-mannose Biosynthesis;0;0;0;0;0;0;0
Urea Cycle;0;0;0;0;0;0;0
Serine Biosynthesis;0;0;0;0;0;0;0
Arsenate Detoxification I (Glutaredoxin);0;0;0;0;0;0;0
Axonal Guidance Signaling;0;0;0;0;0;0;0
Role of IL-17A in Arthritis;0;0;0;0;0;0;0
N-acetylglucosamine Degradation I;0;0;0;0;0;0;0
Salvage Pathways of Pyrimidine Deoxyribonucleotides;0;0;0;0;0;0;0
Iron homeostasis signaling pathway;0;0;0;0;0;0;0
Regulation of the Epithelial-Mesenchymal Transition Pathway;0;0;0;0;0;0;0
Glutathione Redox Reactions II;0;0;0;0;0;0;0
Folate Polyglutamylation;0;0;0;0;0;0;0
Cellular Effects of Sildenafil (Viagra);0;0;0;0;0;0;0
Antigen Presentation Pathway;0;0;0;0;0;0;0
Role of Macrophages, Fibroblasts and Endothelial Cells in Rheumatoid Arthritis;0;0;0;0;0;0;0
Regulation of NFE2L2 gene expression;0;0;0;0;0;0;0
Reversible hydration of carbon dioxide;0;0;0;0;0;0;0
Reelin signalling pathway;0;0;0;0;0;0;0
rRNA processing;0;0;0;0;0;0;0
Virus Entry via Endocytic Pathways;0;0;0;0;0;0;0
2-ketoglutarate Dehydrogenase Complex;0;0;0;0;0;0;0
Spermidine Biosynthesis I;0;0;0;0;0;0;0
Neurotransmitter receptors and postsynaptic signal transmission;0;0;0;0;0;0;0
Spermine and Spermidine Degradation I;0;0;0;0;0;0;0
Airway Inflammation in Asthma;0;0;0;0;0;0;0
Parkinson's Signaling;0;0;0;0;0;0;0
Germ Cell-Sertoli Cell Junction Signaling;0;0;0;0;0;0;0
Choline catabolism;0;0;0;0;0;0;0
4-aminobutyrate Degradation I;0;0;0;0;0;0;0
L-cysteine Degradation III;0;0;0;0;0;0;0
